0;6;0;0;0;0;0;9;0;0;0;1;0;0;0;0;4;2;6;0;0;0;0;1;0;0;6;0;0;0;0;0;0;5;0;0;0;0;0;2;0;0;0;0;3;0;0;0;6;0;1;0;1;0;1;0;0;0;0;0;3;1;0;0;0;2;0;0;0;0;0;6;0;1;0;0;0;0;3;0;0;0;0;9;0;2;2;1;0;2;0;0;0;1;2;1;0;0;0;0;1;0;1;0;0;0;0;0;0;2;0;0;1;0;0;0;1;11;0;1;0;4;7;0;0;0;0;0;0;0;0;2;0;0;0;0;0;0;0;0;0;0;0;2;0;2;2;1;0;0;0;0;0;0;1;0;0;0;0;0;0;0;5;0;0;2;1;4;0;1;0;2;0;0;0;0;0;0;0;0;0;0;0;1;5;0
1;0;1;2;0;6;1;3;0;1;2;2;0;1;0;0;3;9;1;0;10;2;1;6;3;2;3;3;0;5;3;0;3;0;9;2;4;0;11;9;6;5;1;15;28;3;2;0;0;0;12;0;7;3;7;5;0;2;2;0;3;2;10;0;5;4;0;10;0;2;0;17;35;1;0;12;0;1;4;1;0;6;5;18;2;4;16;13;0;2;0;0;0;0;0;9;0;15;0;15;1;8;14;25;9;2;18;0;0;2;4;2;11;0;0;4;1;25;0;10;0;2;24;0;9;13;0;15;0;3;10;1;0;0;9;10;0;0;2;6;7;5;0;12;0;1;9;11;0;11;0;8;0;5;0;2;1;0;1;36;0;0;8;11;18;3;0;2;0;0;0;4;1;2;9;3;13;0;0;0;0;6;0;0;16;9
2;0;0;0;0;0;0;1;0;0;0;1;0;1;0;0;2;3;0;0;2;0;0;0;0;1;0;0;0;1;1;0;1;6;7;0;0;0;0;0;1;0;4;13;4;0;0;2;1;0;7;0;0;0;2;1;1;0;0;0;0;0;1;0;1;1;0;0;1;0;0;0;0;0;0;1;0;0;3;1;0;1;0;0;0;0;0;15;1;1;9;0;0;0;1;2;1;0;0;0;1;0;3;0;0;0;0;0;1;0;0;0;2;0;1;2;0;0;0;1;5;3;0;0;0;3;1;0;0;0;2;6;0;0;2;0;0;0;0;0;0;1;0;1;0;2;0;2;0;0;0;1;0;0;0;20;0;0;0;1;0;0;0;0;3;5;1;1;1;1;0;0;0;3;0;0;0;1;0;0;0;0;2;0;0;0
3;0;0;1;2;0;0;0;0;0;2;0;0;0;0;0;2;0;20;0;0;1;0;1;1;0;1;0;0;0;0;0;0;0;1;10;0;0;1;0;0;0;1;0;0;17;0;0;0;0;2;0;28;5;1;0;0;0;0;0;19;0;0;0;0;0;0;0;3;0;0;13;0;0;0;0;0;1;0;0;0;0;0;15;0;4;0;1;0;1;0;0;0;0;0;0;0;0;0;0;0;0;0;0;1;0;0;0;0;0;0;0;1;0;0;0;0;61;0;0;0;0;37;0;0;0;0;1;0;0;0;0;0;0;1;0;0;0;0;0;0;0;0;0;0;0;26;0;0;0;0;0;0;0;0;0;0;0;0;0;0;0;33;22;0;3;0;9;0;0;0;7;0;0;5;0;0;0;0;0;0;4;1;2;49;0
4;0;0;0;0;0;0;0;0;0;0;0;0;0;0;0;2;0;0;0;0;0;0;0;1;0;0;0;0;0;0;0;0;0;0;0;0;0;0;1;1;0;0;1;0;0;0;0;0;0;0;0;0;0;0;0;0;0;1;0;0;0;0;0;0;0;0;0;0;0;0;0;0;0;0;0;0;0;0;0;0;0;0;0;0;0;0;1;0;0;0;0;0;0;0;0;0;1;0;0;0;1;0;0;0;0;0;0;0;0;2;1;0;0;0;0;0;0;0;0;10;0;0;0;0;0;0;0;0;0;0;0;0;0;1;0;0;0;1;0;0;0;0;0;0;0;0;0;0;0;0;1;3;0;0;1;0;0;0;0;0;0;0;0;2;1;0;0;0;0;0;0;1;0;0;0;1;0;0;0;0;0;0;0;0;0
5;9;0;0;0;2;1;6;0;0;0;0;0;8;0;0;1;8;0;0;3;4;1;3;3;2;0;13;0;1;0;6;0;3;0;0;0;0;11;1;3;3;3;0;0;0;0;1;4;0;15;0;0;0;0;4;0;0;0;0;0;4;0;0;10;5;0;1;0;1;0;0;0;1;0;1;3;0;0;4;0;6;2;0;0;0;1;9;18;3;0;2;0;2;2;3;0;3;0;1;0;4;2;1;0;2;0;0;0;0;7;0;8;0;3;11;0;2;0;1;1;0;0;0;0;0;3;0;0;0;7;7;0;0;0;0;0;0;1;2;0;2;0;0;0;16;0;10;0;2;0;1;0;2;0;0;8;0;0;2;0;1;0;0;2;5;0;4;1;0;0;0;0;0;0;11;2;0;1;0;0;0;6;0;0;0
6;0;0;0;1;1;0;0;0;0;0;0;0;0;0;0;0;0;0;0;0;0;0;0;0;0;0;0;0;0;0;0;0;0;0;0;0;1;0;0;0;0;0;0;0;0;0;1;0;0;0;0;0;2;0;0;0;0;0;0;0;0;0;0;0;0;0;0;0;0;0;0;0;0;0;0;0;0;0;0;0;0;0;0;0;0;0;0;0;0;1;0;0;0;1;0;0;0;0;0;0;0;0;0;0;0;0;0;0;0;2;0;0;0;0;0;0;3;0;0;1;0;0;0;0;0;0;1;0;0;2;0;0;0;0;0;0;0;0;0;0;0;0;0;0;0;0;0;0;0;0;0;0;1;0;34;0;0;0;0;0;0;0;1;0;5;0;0;0;0;0;0;0;0;0;1;0;0;0;0;0;0;1;0;1;0
7;6;0;14;0;2;0;7;4;14;0;0;20;1;3;0;0;0;2;2;1;2;0;0;0;0;0;2;1;0;0;1;0;5;1;0;0;1;0;0;0;0;4;0;0;1;0;3;1;0;2;0;0;7;1;0;0;0;1;1;0;1;0;1;0;0;0;0;0;0;0;0;0;0;0;0;0;0;0;2;0;3;0;6;0;1;1;0;0;0;1;0;0;3;1;1;0;1;6;0;0;8;0;0;0;2;0;12;0;6;0;0;0;47;1;4;0;5;2;0;0;2;18;2;0;8;0;0;0;0;2;0;0;2;1;0;0;0;0;0;0;0;0;1;10;0;1;2;12;3;0;0;0;0;0;0;0;18;0;0;1;1;2;1;0;2;0;0;8;0;1;1;0;0;0;0;1;19;0;8;0;0;0;0;5;0
8;0;0;2;0;0;0;0;0;0;0;0;0;0;0;0;0;0;0;0;0;0;0;0;0;0;0;0;0;0;0;0;0;0;0;0;0;0;0;0;0;0;0;0;0;0;0;0;0;0;2;0;0;0;0;0;0;0;0;0;0;0;0;0;0;0;0;0;0;0;0;0;0;0;0;0;0;0;0;0;0;0;0;0;0;0;0;0;0;0;0;0;0;0;0;0;0;0;0;0;0;0;0;0;0;0;0;0;0;1;1;0;0;0;0;1;0;0;0;0;0;0;0;0;0;0;0;0;0;0;0;0;0;0;0;0;0;0;0;0;0;0;0;0;0;0;0;2;0;0;0;0;0;0;0;0;0;0;0;0;0;1;0;0;0;0;0;0;0;0;0;0;0;0;0;0;0;1;0;0;0;0;0;0;0;1
9;0;0;0;26;0;0;0;0;0;0;1;0;1;0;0;3;1;65;0;0;0;0;4;0;1;82;31;0;0;0;2;2;0;0;43;0;0;1;11;0;0;0;0;1;53;94;3;0;0;26;0;47;2;68;0;1;21;0;0;39;0;0;0;0;1;0;1;0;1;0;33;6;0;0;0;0;67;0;1;0;1;0;137;66;45;0;5;0;1;3;1;0;3;0;1;0;7;0;0;0;0;1;0;1;1;6;0;0;0;1;0;0;0;0;0;0;290;0;0;4;0;233;0;0;0;0;73;0;0;0;0;0;0;0;0;54;0;0;0;2;0;0;0;0;0;103;5;0;0;0;0;3;0;0;5;0;0;0;25;0;0;35;61;0;1;0;12;1;0;0;66;0;1;77;0;6;0;0;0;3;51;23;1;188;0
10;0;1;1;1;2;0;2;1;3;4;0;4;0;0;0;5;12;2;0;0;1;1;2;2;4;1;3;0;3;2;1;5;0;2;4;1;1;2;1;7;4;0;0;3;2;5;1;1;0;5;0;3;0;13;0;6;0;1;1;3;0;2;0;0;0;0;1;1;2;0;7;9;12;0;2;0;3;7;2;0;0;0;13;1;2;1;4;0;0;2;0;0;2;0;6;2;2;1;0;0;6;1;3;5;1;0;3;1;5;22;1;0;12;1;0;0;39;0;3;6;0;24;0;1;2;0;13;1;1;1;9;0;0;1;0;6;0;0;1;1;2;0;3;2;1;3;7;3;2;0;1;0;2;0;27;0;0;4;0;0;1;7;2;3;10;0;4;2;0;0;4;10;0;4;11;3;0;1;2;1;0;1;0;22;2
11;0;0;0;0;0;0;0;0;1;5;0;0;0;0;0;0;2;0;0;1;0;0;0;0;0;0;0;0;0;0;0;2;0;0;0;0;0;8;0;1;0;0;0;0;0;0;0;1;0;0;0;0;0;0;0;0;0;0;0;0;0;0;0;0;9;0;0;3;0;0;0;0;0;0;0;0;0;0;1;0;0;0;0;0;0;0;0;0;0;0;0;0;0;3;0;0;0;0;0;0;3;0;0;0;0;0;0;0;0;0;0;0;0;0;0;0;0;0;0;1;0;0;0;0;0;0;0;0;0;0;0;0;0;0;0;0;0;0;0;0;0;0;0;0;0;0;0;0;0;0;0;0;0;0;0;1;0;0;0;0;0;0;0;0;0;0;1;1;1;0;0;0;0;0;0;0;0;0;0;0;0;0;0;0;0
12;0;0;3;0;0;1;4;0;0;3;0;0;0;0;0;3;3;0;0;0;1;5;3;1;1;1;5;0;0;1;1;0;0;1;2;1;0;1;2;3;0;0;1;1;0;0;6;3;0;6;0;0;1;1;0;4;0;0;0;0;0;0;0;0;7;0;6;1;1;0;2;0;2;0;2;0;0;14;0;1;0;3;0;0;1;2;11;1;0;2;2;0;1;0;3;0;5;0;0;0;0;2;8;4;1;10;0;0;1;12;4;2;0;2;0;0;1;0;0;2;1;2;0;1;2;0;0;0;0;2;3;0;0;3;3;0;0;0;0;1;0;0;2;0;1;0;2;0;3;0;1;1;3;0;0;2;0;7;0;0;0;2;1;8;0;0;1;0;4;0;0;15;3;1;2;1;0;0;0;0;2;0;0;1;6
13;0;0;0;0;0;0;0;0;1;0;0;0;0;0;0;0;0;0;0;0;0;0;0;0;0;0;0;0;1;0;0;0;0;0;0;0;0;0;0;0;0;0;0;0;0;0;0;0;0;0;0;0;4;0;0;0;0;0;0;0;0;0;0;0;0;0;0;0;0;0;0;0;0;0;0;0;0;0;0;0;0;0;0;0;0;0;0;0;0;0;0;0;0;0;0;0;0;0;0;0;0;0;0;0;0;0;0;0;0;0;0;0;0;0;0;0;0;0;0;0;0;0;0;0;0;0;0;0;0;0;0;0;0;0;0;0;0;0;0;0;0;0;0;0;0;0;0;0;0;0;0;0;0;0;0;0;0;0;0;0;0;0;0;0;0;0;0;0;0;0;0;0;0;0;0;0;0;0;0;0;0;0;0;0;0
14;0;0;0;0;2;1;0;4;8;0;1;20;2;0;0;1;0;0;0;1;0;0;0;1;2;0;0;0;0;0;1;0;0;0;0;0;0;2;2;4;0;0;0;0;0;0;2;2;0;4;0;0;0;0;2;5;0;0;4;0;1;0;0;0;0;0;2;0;0;0;0;1;1;0;0;3;0;1;1;0;1;0;0;0;0;0;8;10;0;0;0;0;0;0;1;4;0;4;0;1;2;0;0;0;3;0;12;1;1;3;1;1;44;1;6;1;1;0;2;1;3;11;0;0;1;1;0;0;0;1;2;0;0;0;0;0;0;3;0;0;0;0;3;8;1;0;0;12;1;0;0;1;2;0;5;1;0;1;0;0;0;0;0;1;4;0;5;15;1;0;0;0;0;0;3;1;2;0;8;0;0;0;0;0;0
15;3;1;1;1;4;5;1;1;3;0;1;4;18;0;1;7;8;4;0;0;2;0;6;0;1;2;13;0;4;0;0;4;0;6;5;0;0;6;8;9;2;0;0;5;6;0;2;4;0;6;0;2;1;9;14;1;2;0;1;4;1;2;0;0;4;0;74;3;2;1;5;1;1;0;0;0;0;16;1;0;1;5;23;0;1;1;1;0;3;0;4;0;6;1;22;0;2;1;1;0;8;6;0;5;0;0;3;0;0;3;2;5;12;0;4;0;17;0;10;6;0;18;0;0;0;0;2;0;0;7;6;0;1;0;19;1;0;0;16;2;3;0;9;2;0;12;3;3;3;0;14;1;0;0;1;0;0;0;2;0;68;7;1;11;1;0;0;3;0;0;2;0;0;17;4;5;0;3;2;1;2;9;0;20;1
16;0;0;0;1;0;0;0;2;0;0;0;8;0;0;0;1;1;1;0;0;0;0;0;0;0;1;0;0;0;0;0;0;0;0;0;0;0;0;0;1;0;0;0;0;3;0;0;0;0;2;0;3;4;6;0;0;0;0;0;1;0;0;0;0;0;0;0;0;0;2;2;0;0;0;0;0;0;0;0;0;0;0;3;0;1;0;0;0;0;0;0;0;0;0;0;0;1;0;0;0;0;0;4;0;0;0;4;0;1;0;1;0;12;1;0;0;7;0;0;0;0;6;0;1;0;0;0;0;0;0;0;0;0;0;0;0;0;0;0;0;0;0;0;0;0;2;0;6;0;0;0;0;0;1;0;0;0;0;2;0;0;0;0;0;3;0;1;4;1;0;1;0;0;3;0;0;0;0;4;0;1;0;0;6;1
17;0;1;1;0;7;1;3;0;0;4;2;0;2;0;0;1;2;0;0;0;3;1;24;0;0;0;2;0;1;0;3;4;1;0;0;1;0;2;4;3;5;2;0;7;0;0;0;1;0;5;0;1;0;0;0;0;0;0;0;0;2;0;0;1;7;0;0;4;1;0;0;2;0;0;7;0;0;6;0;0;3;1;0;0;2;0;2;5;4;0;3;0;1;2;3;11;0;0;0;0;2;2;2;5;5;0;0;0;0;2;1;3;0;11;6;0;1;0;4;0;1;0;0;2;1;1;0;0;0;0;5;0;0;0;4;0;1;0;1;1;3;0;4;0;1;0;10;0;4;0;1;0;0;0;0;0;0;0;0;0;0;0;0;8;11;0;6;6;1;0;0;4;2;0;1;2;0;0;0;1;0;0;1;0;0
18;0;0;0;0;0;0;0;0;0;0;0;0;0;0;0;0;0;0;0;0;0;0;0;0;0;0;0;0;0;0;2;0;0;0;0;0;0;0;0;0;0;0;0;0;0;0;0;0;0;3;0;0;0;0;0;0;0;0;0;0;0;0;0;2;0;0;0;0;0;0;0;0;3;0;0;0;0;0;0;0;0;0;0;0;0;0;0;0;0;0;0;0;0;0;0;0;0;0;0;0;0;0;0;0;0;0;0;0;0;0;0;0;0;0;0;0;0;0;0;0;0;0;0;0;0;0;0;0;0;0;0;0;0;0;0;0;0;0;0;0;0;0;0;0;0;0;2;0;0;0;0;0;0;0;0;0;0;0;0;0;0;0;0;0;0;0;0;0;0;0;0;0;0;0;0;0;0;0;0;0;0;0;0;0;0
19;13;2;4;0;2;0;2;0;0;1;8;0;2;0;1;1;1;5;0;0;0;0;2;1;0;5;2;1;0;0;0;0;4;0;2;0;0;2;1;0;0;1;2;1;3;0;1;0;0;4;0;1;0;0;0;0;0;1;0;4;0;0;0;0;0;0;0;0;0;29;4;0;1;0;2;0;0;0;0;0;5;0;5;0;2;0;5;2;2;3;2;0;2;1;2;1;2;0;0;1;0;0;1;1;0;0;0;1;0;0;0;1;0;4;0;0;17;0;0;10;2;21;0;0;0;0;0;0;0;0;1;0;0;0;0;1;0;0;0;0;1;0;0;0;3;2;1;0;0;0;0;0;1;0;16;0;0;0;0;0;0;3;3;1;3;0;4;0;0;0;1;2;0;0;0;0;0;0;0;0;2;1;0;12;1
20;1;0;0;0;0;0;0;0;0;0;0;0;0;0;0;1;1;0;0;0;0;0;0;1;1;0;0;0;0;1;0;0;2;0;0;0;0;0;0;0;0;0;1;0;0;0;0;0;0;1;0;0;0;0;2;0;0;0;0;0;0;0;0;0;1;0;0;0;0;0;0;0;0;0;0;0;0;0;0;0;1;0;0;0;0;0;3;0;0;0;1;0;1;0;0;3;0;0;0;0;0;0;1;0;1;1;0;1;2;0;0;4;0;0;6;0;0;0;5;0;0;0;0;0;0;0;0;0;0;0;1;0;2;0;0;0;0;0;0;0;0;0;5;0;0;0;1;0;1;0;0;0;0;0;0;0;0;2;0;0;0;0;0;0;0;0;0;0;0;0;0;0;0;0;3;0;0;1;0;0;0;0;0;0;0
21;0;0;0;2;1;0;1;0;0;0;0;0;1;0;0;0;1;0;0;0;0;0;0;0;0;0;0;0;0;0;0;0;2;0;1;0;0;0;0;1;0;0;1;2;2;2;0;0;0;4;0;3;0;0;2;0;0;0;0;0;0;0;0;0;0;0;0;0;0;0;11;0;1;0;0;1;3;0;0;0;0;0;15;0;0;0;1;0;1;0;1;0;0;0;0;0;0;0;0;0;0;0;0;0;0;0;0;0;0;0;0;0;0;0;0;1;26;0;0;1;6;34;0;0;0;1;3;0;0;0;0;0;0;0;0;5;0;0;1;1;0;0;0;0;0;6;0;0;0;0;0;1;0;0;0;0;0;0;0;0;0;1;9;0;0;0;0;0;0;0;6;2;0;0;0;0;0;0;0;0;1;3;0;38;0
22;0;0;0;0;0;0;0;0;3;0;0;2;0;0;0;0;0;1;0;0;0;0;0;1;0;0;0;0;1;0;0;0;0;1;0;0;0;0;0;0;0;0;0;0;0;0;0;0;0;1;0;0;0;0;0;0;0;0;2;1;0;0;0;0;0;0;0;0;0;0;0;0;0;0;0;0;0;0;0;0;0;0;1;0;0;0;2;0;0;2;0;0;0;1;0;0;0;2;0;0;1;0;0;0;0;1;1;0;0;0;0;0;4;0;1;0;0;0;0;1;0;2;0;0;0;0;0;0;0;2;0;0;0;0;1;0;0;0;0;0;0;0;0;2;0;0;1;0;0;0;0;0;2;0;6;0;0;0;0;0;0;0;1;1;0;0;0;1;0;0;2;4;0;0;1;0;0;0;0;0;0;0;0;3;0
23;0;0;0;0;0;0;0;0;0;0;0;0;0;0;0;0;0;1;0;0;0;0;0;0;0;0;0;0;0;0;0;0;0;0;0;0;0;0;0;0;0;0;0;0;0;1;0;0;0;2;0;0;0;0;0;0;0;2;0;0;0;0;0;0;0;0;0;0;0;0;0;0;0;0;0;0;0;0;0;0;0;0;0;0;0;0;1;0;0;0;0;0;0;0;0;0;0;0;0;0;0;0;0;0;0;0;0;0;0;0;0;0;0;0;0;0;0;0;0;0;0;0;0;0;0;0;1;0;0;0;0;0;0;1;0;0;0;0;0;0;0;0;0;0;0;0;4;0;0;0;0;4;1;0;0;0;0;0;0;0;0;1;0;0;0;0;0;0;0;0;0;0;0;0;0;0;0;0;0;0;0;0;0;0;0
24;0;1;2;0;6;1;3;0;1;2;2;0;1;0;0;3;9;1;0;10;2;1;6;3;2;3;3;0;5;3;0;3;0;9;2;4;0;11;9;6;5;1;15;28;3;2;0;0;0;12;0;7;3;7;5;0;2;2;0;3;2;10;0;5;4;0;10;0;2;0;17;35;1;0;12;0;1;4;1;0;6;5;18;2;4;16;13;0;2;0;0;0;0;0;9;0;15;0;15;1;8;14;25;9;2;18;0;0;2;4;2;11;0;0;4;1;25;0;10;0;2;24;0;9;13;0;15;0;3;10;1;0;0;9;10;0;0;2;6;7;5;0;12;0;1;9;11;0;11;0;8;0;5;0;2;1;0;1;36;0;0;8;11;18;3;0;2;0;0;0;4;1;2;9;3;13;0;0;0;0;6;0;0;16;9
25;0;0;3;0;0;0;0;0;0;0;2;0;0;0;1;2;1;3;0;0;0;0;2;0;0;1;0;1;0;0;0;2;0;2;0;0;0;2;2;0;0;3;0;3;1;0;0;0;0;14;0;0;0;0;0;0;2;0;0;2;0;0;0;0;0;0;0;1;1;0;3;0;0;0;0;0;0;1;0;2;0;0;6;0;1;0;6;0;0;0;0;0;2;0;1;1;0;0;0;5;0;0;1;1;1;0;0;14;1;0;0;1;0;5;0;0;11;0;2;0;0;10;1;0;0;0;0;0;0;0;2;0;0;1;0;0;0;1;0;0;0;0;1;0;1;4;0;0;0;0;0;0;0;1;0;0;0;1;0;0;0;4;2;2;0;5;2;0;0;0;3;0;1;0;0;0;1;0;0;0;0;1;0;13;0
26;0;0;0;0;0;0;0;0;0;0;0;0;0;0;0;0;0;0;0;0;0;0;0;0;0;0;0;0;0;0;0;0;0;0;0;0;0;0;0;0;0;0;0;0;0;0;0;0;0;0;0;0;0;0;0;0;0;0;0;0;0;0;0;0;0;0;0;0;0;0;0;0;0;0;0;0;0;0;0;0;0;0;0;0;0;0;0;0;0;0;0;0;0;0;0;0;0;0;0;0;0;0;0;0;0;0;0;0;0;0;0;0;0;0;0;0;0;0;0;0;0;1;0;0;0;0;0;0;0;0;0;0;0;1;0;0;0;0;0;0;0;0;0;0;0;0;0;0;0;0;0;0;1;0;0;0;0;0;0;0;0;0;0;0;0;0;0;0;0;0;0;0;0;0;0;0;0;0;0;0;0;0;0;0;0
27;1;0;0;0;4;0;2;0;0;0;0;0;1;0;0;8;8;0;0;0;1;0;0;2;9;2;3;0;0;0;2;0;1;3;1;0;0;3;1;6;1;1;0;0;3;0;3;0;0;1;0;1;0;0;4;2;0;0;0;0;0;1;0;0;2;0;1;1;1;0;0;2;1;0;0;1;1;4;0;2;1;0;2;1;1;0;2;0;5;1;1;0;1;0;0;2;0;0;0;0;6;1;3;2;0;1;0;0;2;5;4;4;0;2;3;1;14;0;2;3;6;7;0;0;0;4;2;0;0;2;12;0;0;1;3;1;0;0;0;0;0;0;4;0;6;3;6;0;0;0;0;1;2;0;3;3;0;1;0;0;0;1;5;0;0;1;2;0;1;0;2;0;0;0;4;3;0;1;0;0;0;3;0;5;1
28;0;0;1;0;1;1;0;0;0;1;2;0;2;0;0;0;0;4;0;2;2;0;1;0;0;2;0;0;0;3;3;0;0;2;0;0;0;0;0;0;0;0;1;0;2;2;1;0;0;0;0;0;0;0;0;0;0;0;0;5;0;1;0;0;1;0;0;0;0;0;1;0;0;0;3;1;1;0;0;0;1;0;9;0;0;0;0;0;3;0;0;0;1;0;0;0;1;0;1;0;1;1;0;0;1;0;0;0;0;2;0;0;0;0;2;2;28;0;0;6;2;23;0;0;0;0;0;0;0;0;6;0;0;2;0;1;0;2;0;0;0;0;0;0;0;4;0;0;0;0;0;0;2;0;4;1;0;0;0;0;0;7;9;0;1;1;2;0;0;0;5;0;0;0;0;0;0;1;0;0;3;0;0;27;0
29;3;0;4;0;8;1;16;2;4;3;3;8;1;0;0;2;3;1;0;1;1;1;0;7;0;0;3;0;2;1;1;3;4;8;0;0;0;6;1;5;1;1;4;4;0;0;1;1;0;17;0;0;2;0;0;0;0;2;2;0;1;1;0;1;2;0;7;7;3;0;0;4;2;0;1;5;0;0;1;0;5;1;0;0;0;3;17;9;2;0;0;0;0;4;8;0;3;2;2;0;4;3;0;6;1;1;6;0;29;0;0;8;24;1;10;0;3;0;3;1;10;4;0;0;0;4;0;1;0;0;5;0;0;2;4;0;0;1;2;0;6;0;2;4;4;0;6;6;2;0;1;7;10;1;7;0;0;3;0;0;0;0;0;2;1;0;1;6;0;0;0;2;3;0;2;0;0;1;4;0;0;3;0;0;0
30;0;0;0;0;0;0;0;0;0;0;0;0;0;0;0;0;1;0;0;0;0;0;0;0;0;0;0;0;0;0;0;0;0;0;0;0;0;0;1;1;0;0;0;0;0;0;0;0;0;0;0;0;0;0;0;0;0;0;0;0;0;0;0;0;0;0;0;0;0;0;0;0;0;0;0;0;0;0;0;0;0;0;0;0;0;0;0;0;0;0;0;0;0;0;0;0;0;0;0;0;0;0;0;0;0;0;0;0;0;0;0;0;0;0;0;0;0;0;0;0;0;1;0;1;0;0;0;0;0;0;0;0;0;0;0;0;0;0;0;0;0;0;0;0;0;0;0;0;0;0;1;0;0;0;0;0;0;0;1;0;0;1;0;0;0;0;0;0;0;0;0;0;0;0;0;0;7;1;0;0;0;0;0;0;0
31;0;0;0;0;0;0;0;10;40;0;0;30;1;0;0;2;1;0;15;0;0;0;3;2;1;0;2;0;0;0;0;2;0;5;0;0;0;1;0;0;1;17;3;0;0;1;0;0;0;5;0;0;0;0;0;0;0;0;12;0;0;0;0;0;1;0;0;1;2;0;0;0;1;0;0;0;0;0;2;0;0;1;0;0;0;4;9;1;1;3;1;0;0;0;2;3;0;20;0;0;2;1;0;3;0;3;15;0;0;0;0;1;93;0;0;1;1;15;0;0;1;18;0;0;0;0;0;0;0;0;1;0;0;0;0;0;0;0;0;0;1;0;0;18;0;0;1;15;5;0;0;0;2;0;2;0;0;0;1;0;0;0;0;6;0;0;1;11;0;0;0;0;0;0;0;0;0;3;10;1;0;5;0;1;2
32;3;0;0;0;0;1;0;7;43;1;2;35;0;0;0;2;4;0;14;3;2;2;0;1;1;0;14;0;1;1;7;2;0;15;0;0;0;6;2;2;1;6;10;1;0;0;0;0;0;14;0;0;4;1;3;0;0;0;0;0;0;1;0;0;7;0;4;6;3;0;0;0;2;0;2;2;0;5;1;1;0;9;1;0;0;0;13;1;3;0;2;0;1;0;2;7;3;21;0;1;1;2;2;14;6;5;21;1;19;10;0;4;98;4;0;1;0;14;1;9;2;15;0;3;0;1;0;0;6;5;6;0;1;1;10;0;0;0;1;3;2;0;1;14;0;1;7;21;7;0;0;25;15;2;3;2;0;0;6;0;0;0;0;13;1;0;7;15;5;0;0;1;7;1;1;1;1;0;14;0;0;2;1;1;0
33;0;0;0;0;0;0;1;0;4;0;3;0;2;0;0;2;0;0;0;0;0;0;0;1;2;0;0;1;5;1;1;0;0;2;0;0;0;1;1;0;0;0;3;0;0;0;5;0;0;2;0;0;2;0;2;3;0;0;0;0;0;0;0;0;0;0;0;2;0;0;0;0;3;0;0;0;0;9;1;0;0;0;0;0;0;0;3;0;0;1;0;0;0;0;2;0;1;0;0;2;3;0;0;1;0;6;0;1;1;4;5;1;0;1;1;1;0;0;1;0;0;0;0;0;0;0;0;0;0;4;4;0;0;0;2;0;0;0;0;0;0;0;2;0;0;0;0;0;0;0;2;0;15;0;4;2;0;0;8;0;0;0;0;3;1;2;0;0;5;0;0;6;4;0;0;0;0;0;0;0;0;1;0;0;0
34;0;0;0;0;0;0;4;0;0;3;4;0;0;0;0;2;8;1;0;1;1;1;0;0;1;1;0;0;6;0;3;3;0;2;0;2;0;1;1;0;0;0;0;1;0;0;6;0;0;0;0;0;3;4;0;9;0;0;0;0;0;0;0;0;1;5;0;2;0;0;0;0;0;0;0;0;0;1;7;0;0;1;0;0;0;1;0;0;0;0;2;0;0;0;0;2;0;0;0;0;0;4;0;0;0;0;0;0;0;0;12;0;0;6;0;0;2;0;1;0;0;0;0;4;0;0;0;0;1;0;2;0;0;0;1;0;0;1;0;2;0;0;1;0;0;1;0;0;0;0;2;0;2;0;0;0;0;0;0;0;1;0;1;2;1;1;2;1;1;0;0;0;0;1;0;0;1;2;0;0;0;0;0;0;0
35;3;0;0;0;0;2;0;0;0;0;0;0;0;0;1;0;0;0;0;1;0;0;1;1;2;0;2;0;2;0;1;1;0;0;0;1;0;1;1;1;0;0;0;0;0;0;0;0;0;0;0;0;3;1;2;2;0;0;0;0;0;0;0;0;1;0;1;1;0;0;0;3;2;0;1;0;0;1;1;0;0;0;0;0;0;0;1;0;0;0;1;0;0;0;0;0;0;0;0;0;0;1;0;0;2;0;0;1;0;0;0;0;0;0;0;0;0;0;0;0;0;1;0;0;0;0;0;0;3;1;3;0;0;0;3;0;0;0;0;3;1;0;0;0;0;0;0;0;4;0;0;6;0;0;0;0;0;0;0;0;0;0;0;1;0;0;0;2;0;0;0;0;1;0;4;1;1;0;0;0;0;0;0;0;1
36;0;0;1;0;0;1;1;0;0;0;0;0;5;15;1;0;0;0;0;1;3;0;0;0;1;0;0;0;3;2;2;1;0;0;0;0;5;0;0;0;0;0;0;0;0;0;3;0;3;1;0;0;1;17;3;3;8;2;0;0;0;14;2;0;0;4;0;2;1;2;0;5;2;0;2;0;0;1;1;4;3;1;0;0;0;0;1;1;0;0;15;18;4;0;0;1;0;0;6;0;0;0;1;1;0;0;0;0;1;0;3;0;0;2;1;1;0;0;0;2;0;0;2;4;1;0;1;6;2;0;0;0;0;1;4;0;3;2;1;0;1;6;0;0;0;0;0;0;1;3;4;3;2;29;0;1;1;1;9;9;1;0;0;0;0;0;2;2;0;11;0;0;0;0;5;6;0;1;0;0;0;2;0;0;7
37;0;0;0;0;0;4;0;0;0;1;3;0;2;1;0;0;0;0;0;5;0;0;0;0;6;0;4;3;3;0;1;1;0;0;0;2;6;0;0;0;1;1;1;1;0;0;6;0;3;1;7;0;3;0;2;10;10;16;0;0;0;0;10;0;0;2;2;0;0;0;0;6;0;0;0;0;0;4;1;1;0;1;0;0;0;7;0;0;0;1;2;1;0;2;1;0;0;0;1;1;0;0;0;0;0;0;0;0;1;4;1;0;0;2;1;1;0;1;0;1;0;0;8;0;1;0;0;6;7;1;0;5;1;1;3;0;1;1;0;13;5;2;0;0;0;0;1;0;0;13;14;1;6;0;2;0;5;0;12;10;0;0;0;0;0;0;2;0;4;3;0;0;0;0;1;14;0;0;0;0;0;2;4;0;3
38;0;0;1;0;4;0;0;0;1;3;0;0;2;4;55;0;0;0;0;0;0;0;0;0;2;0;8;2;11;0;8;0;1;8;0;19;4;0;0;0;3;0;0;0;0;0;2;0;3;0;10;0;2;4;11;7;6;4;0;0;0;25;4;0;0;8;3;0;3;2;3;5;2;9;0;0;0;3;6;1;0;14;0;0;0;1;1;0;0;0;2;1;0;0;15;2;7;0;9;1;0;0;3;0;2;0;0;0;0;7;21;0;0;4;0;3;4;0;0;2;0;0;7;11;0;0;1;9;6;7;0;29;0;0;2;0;5;12;2;4;7;13;0;0;0;0;0;0;12;5;1;0;0;0;2;1;7;2;0;9;1;1;0;0;0;3;3;6;2;14;0;1;1;1;10;7;0;1;0;0;0;9;0;1;6
39;14;0;0;0;1;0;0;0;0;0;1;0;1;0;0;0;0;0;0;0;1;0;0;0;0;0;0;7;0;0;10;1;1;0;0;0;0;0;0;0;0;0;0;0;0;0;4;0;4;0;1;0;0;0;2;0;0;6;0;0;0;1;1;3;0;1;0;0;2;1;0;0;2;3;2;0;0;0;0;0;3;0;0;0;0;0;0;4;0;0;0;4;0;1;0;1;0;0;0;0;0;0;0;1;0;0;0;0;0;2;0;1;0;0;1;0;0;0;0;0;0;0;2;0;0;0;0;0;0;2;0;0;0;3;0;0;0;2;0;0;2;1;0;0;0;0;0;0;3;0;0;1;1;0;0;0;0;0;0;1;0;0;0;0;0;0;0;1;0;0;0;0;2;0;1;0;0;0;0;0;0;0;0;0;0
40;0;0;0;0;2;1;0;0;0;0;0;0;2;2;0;0;0;0;0;0;1;0;0;0;1;0;0;4;3;0;1;0;0;0;0;0;4;0;0;0;4;0;0;2;0;0;0;4;4;0;0;0;0;0;0;0;4;1;0;0;0;0;1;2;0;2;0;0;0;1;0;13;21;1;1;0;0;0;3;0;3;3;0;0;0;0;1;0;0;0;1;0;0;0;0;0;0;0;0;0;0;0;0;0;0;1;0;1;0;4;2;0;0;0;1;0;0;0;0;0;0;0;1;1;0;0;0;4;5;0;0;0;0;0;6;0;0;1;2;0;3;5;0;0;0;0;0;0;3;1;1;2;0;0;0;5;0;0;1;8;0;0;0;0;3;0;0;0;0;1;0;0;0;0;3;2;0;3;0;1;0;0;0;0;1
41;0;0;3;0;3;0;0;0;0;1;1;0;0;0;0;0;0;0;0;2;0;0;0;0;2;0;0;2;1;1;1;0;1;0;0;0;3;0;0;0;1;1;0;0;0;0;6;1;4;0;4;0;1;0;0;9;10;1;0;1;1;0;0;2;0;3;0;0;0;0;0;0;1;0;0;0;0;0;0;0;3;0;0;0;0;1;2;1;0;3;3;1;0;2;1;0;1;0;0;0;0;0;0;3;0;1;0;0;0;8;1;0;0;0;0;2;1;0;0;0;0;0;0;1;0;0;0;0;4;1;0;7;0;0;2;0;0;2;0;0;0;1;0;0;0;0;0;0;0;0;0;1;0;0;12;1;14;0;0;2;2;0;0;0;4;2;0;0;16;2;0;0;0;0;2;1;1;4;0;0;0;1;0;1;0
42;2;0;0;0;2;0;2;0;0;0;0;0;0;1;0;0;0;0;0;0;0;0;0;0;6;0;0;2;0;1;0;3;2;0;0;0;1;0;0;0;3;0;1;0;0;0;1;0;0;7;0;0;0;0;1;0;0;5;0;0;0;0;3;1;1;1;0;1;0;0;0;0;0;0;1;0;0;0;1;0;0;0;0;0;0;0;1;1;0;0;2;1;0;1;0;4;3;0;0;0;0;0;0;0;5;0;0;0;2;0;0;6;0;2;1;1;0;0;0;0;0;0;0;0;0;0;0;5;4;1;0;3;0;0;4;0;0;0;0;0;3;0;0;0;5;0;0;0;1;0;0;0;11;0;6;3;2;0;0;1;0;0;0;0;1;0;0;0;0;3;0;0;0;0;0;0;0;1;0;0;0;2;0;0;0
43;0;1;1;0;4;1;0;0;0;1;1;0;1;0;8;0;0;1;0;1;0;0;0;0;6;0;5;7;4;1;1;0;0;1;0;5;0;0;0;0;4;1;4;0;0;0;2;1;7;1;14;0;0;0;6;3;2;5;0;0;1;8;0;7;0;6;2;0;4;0;0;10;15;3;3;0;0;16;0;11;2;6;0;0;0;0;3;0;0;0;1;1;3;1;0;1;3;0;4;2;0;0;1;0;4;1;0;0;0;6;4;0;0;0;6;0;3;0;0;2;2;1;5;1;3;0;0;5;4;1;0;8;0;4;0;0;0;15;2;7;0;5;0;0;1;0;0;0;0;8;0;3;1;0;0;4;34;1;2;10;1;0;0;0;0;2;3;0;4;2;0;0;7;0;20;16;0;2;0;0;0;4;0;0;3
44;0;0;0;0;0;0;0;0;0;0;0;0;0;0;0;0;1;0;0;0;0;0;0;0;0;0;0;0;1;0;0;0;0;0;0;0;0;0;0;0;0;0;0;0;0;0;0;0;0;0;0;0;0;0;0;0;0;0;0;0;0;0;0;0;0;0;0;0;0;0;0;1;0;0;0;0;0;0;0;0;0;0;0;0;0;0;0;0;0;0;0;0;0;0;0;0;0;0;3;0;0;0;0;0;0;0;0;0;0;0;0;0;0;0;0;0;0;0;1;1;0;0;0;0;0;0;0;0;0;0;1;0;0;0;0;0;0;0;0;0;0;0;1;0;0;0;1;0;0;0;0;0;0;0;0;0;0;0;0;0;0;0;0;0;0;0;0;1;0;0;0;0;0;0;0;0;0;0;0;0;0;0;0;0;0
45;0;0;0;0;0;0;0;0;0;1;0;0;0;1;3;0;0;0;0;0;1;0;0;0;3;0;0;0;0;0;1;0;0;0;0;3;0;0;0;0;0;0;0;0;0;0;0;0;2;0;0;0;2;0;0;5;6;0;0;0;0;0;2;0;0;1;1;0;0;0;0;0;0;2;0;0;0;0;0;0;1;1;0;0;0;0;0;0;0;0;0;0;0;0;2;1;3;0;0;0;2;0;0;0;1;1;0;0;0;4;2;0;0;0;0;0;0;0;0;0;0;0;0;0;0;0;0;0;0;0;0;0;0;1;0;0;0;0;0;0;0;2;0;0;0;0;0;0;0;0;3;0;0;0;0;0;20;2;1;2;0;0;0;0;0;0;1;0;3;3;0;0;0;0;0;1;0;1;0;0;0;0;0;0;0
46;0;0;0;0;0;0;0;0;0;0;0;0;0;0;0;0;0;0;0;0;0;0;1;0;0;0;0;0;0;0;0;0;0;0;0;0;0;0;1;0;0;0;0;0;0;0;1;0;0;0;0;0;0;0;0;0;0;0;0;0;0;0;0;0;0;0;0;0;0;0;1;0;0;0;0;0;0;0;0;0;0;0;1;0;0;0;0;0;0;0;0;0;0;1;0;2;0;0;0;0;0;0;0;0;0;0;0;0;0;0;0;0;0;1;0;0;0;0;0;0;1;0;0;0;0;0;0;0;1;0;0;0;0;3;0;0;0;0;0;0;0;0;0;0;0;0;0;0;0;0;0;0;0;0;0;0;0;0;0;0;0;0;0;0;0;0;0;0;0;0;0;0;0;0;0;0;0;0;0;0;0;1;0;1;1
47;0;0;1;0;0;0;0;0;0;0;0;0;0;0;0;0;0;0;0;0;0;0;0;0;0;0;0;0;0;0;0;0;0;0;0;0;0;0;0;0;0;0;0;0;0;0;0;0;0;0;0;0;0;1;0;0;0;0;0;0;0;0;0;0;1;0;0;0;1;0;0;0;0;0;0;0;0;0;0;0;0;0;1;0;0;0;0;0;0;0;0;0;0;0;0;0;0;0;0;0;0;0;0;0;1;0;0;0;0;1;1;0;0;0;0;0;2;0;0;0;0;0;0;0;0;0;0;0;0;0;0;0;0;0;0;0;0;0;0;0;0;0;0;0;0;0;0;0;0;0;0;0;0;0;0;0;0;0;0;0;0;2;0;1;0;0;0;0;1;0;0;0;0;0;0;0;0;0;0;0;0;0;0;2;0
48;0;0;0;0;1;0;2;0;0;0;1;0;0;0;1;0;0;0;0;4;0;0;0;0;1;0;4;1;2;0;0;5;0;2;0;0;0;0;0;0;1;3;0;5;0;0;3;2;2;0;8;0;3;0;0;5;1;3;0;0;0;4;3;0;0;2;0;1;0;1;0;5;1;5;1;0;0;10;0;0;0;0;0;0;0;0;1;0;0;0;0;0;1;4;1;0;0;0;0;0;0;0;0;2;1;0;0;43;0;3;8;0;0;0;1;0;0;0;0;1;0;0;7;0;0;0;0;16;9;0;0;5;0;2;0;0;0;0;2;9;1;6;0;0;0;0;0;0;0;4;2;1;3;0;0;0;0;1;3;6;2;0;0;0;0;0;3;0;0;0;0;0;2;0;4;5;0;0;0;0;0;0;0;0;5
49;19;0;0;0;1;0;7;0;1;1;0;0;1;1;0;0;0;0;0;0;1;0;0;0;0;0;0;2;4;0;0;0;1;0;0;3;4;0;0;0;3;0;1;0;0;0;0;2;2;1;1;0;1;1;0;1;0;2;0;0;2;6;1;3;0;4;0;0;0;1;0;0;2;1;5;2;0;0;5;0;5;0;0;0;0;0;0;1;0;0;3;4;1;5;0;1;1;0;0;0;0;0;0;0;0;0;0;0;0;1;2;0;0;0;0;0;0;0;0;0;0;0;3;2;0;0;0;9;0;0;0;0;0;0;3;0;0;0;0;1;0;6;0;0;0;0;0;0;1;0;0;1;3;0;0;2;20;0;0;0;0;0;0;0;5;1;0;0;0;1;0;0;0;0;1;1;0;0;0;0;0;2;0;0;0
50;0;0;1;0;3;2;0;0;0;0;0;0;1;2;0;0;1;0;0;4;3;2;0;0;9;0;3;3;5;0;6;5;0;5;0;7;25;0;0;0;0;1;1;0;0;0;8;1;8;0;7;0;8;2;0;2;4;10;0;0;0;0;2;0;0;9;1;0;3;1;0;2;0;6;2;1;0;5;2;31;0;6;0;0;0;1;0;0;0;7;0;0;1;0;0;2;4;0;8;0;0;0;2;4;3;0;0;3;1;6;3;0;0;0;0;0;1;0;1;4;0;1;5;8;1;0;0;5;0;0;0;0;0;1;0;0;0;1;0;5;4;4;0;0;1;0;0;0;5;8;5;16;2;0;3;1;14;1;4;11;1;0;0;1;1;0;0;1;24;18;0;1;1;0;4;9;0;0;0;0;0;1;1;0;7
51;1;0;0;0;0;0;0;0;1;0;0;0;0;0;0;0;0;0;0;3;0;1;0;1;0;0;0;0;0;0;2;1;0;1;0;1;0;0;0;0;1;4;0;0;0;0;0;0;3;0;1;0;0;0;0;0;0;1;0;0;0;3;0;0;0;1;0;0;2;0;0;0;0;1;0;0;0;0;0;0;4;0;0;0;0;0;0;4;0;0;0;3;0;2;0;0;1;0;0;0;0;0;1;0;1;0;0;0;1;0;1;2;0;0;0;0;0;0;0;0;2;0;0;0;0;0;0;4;0;4;0;2;0;1;0;0;0;0;0;0;0;1;0;0;0;0;0;0;2;0;0;1;0;0;1;0;4;0;0;0;0;0;0;0;0;0;0;0;0;0;0;0;1;0;0;0;0;3;0;0;0;0;0;0;0
52;0;0;0;0;0;0;0;0;0;0;0;0;0;0;0;0;0;0;0;0;0;0;0;0;0;0;0;0;1;0;0;0;0;0;0;0;2;0;0;0;0;0;0;0;0;0;0;0;0;0;0;0;1;0;0;1;0;0;0;0;0;0;0;0;0;1;0;0;0;2;0;0;0;1;0;0;0;2;0;0;0;0;0;0;0;0;0;0;0;0;1;1;0;0;0;0;1;0;0;0;0;0;0;0;0;0;0;0;1;0;1;0;0;0;0;0;0;0;0;0;0;0;1;0;0;0;0;0;1;0;0;0;0;0;1;0;0;0;0;0;0;0;0;0;0;0;0;0;1;0;0;0;0;0;0;0;0;0;0;3;0;0;0;0;0;0;1;0;0;1;0;0;0;0;0;0;1;0;0;0;0;0;0;0;0
53;1;0;0;0;0;0;1;0;0;0;1;0;0;0;0;0;0;0;0;2;2;0;0;0;0;0;0;1;0;0;1;0;2;2;0;0;0;0;0;0;1;0;0;0;0;0;0;0;1;0;0;0;0;0;2;1;0;0;0;0;0;0;1;1;0;0;0;4;0;0;0;0;0;0;0;0;0;0;0;0;0;0;0;0;0;0;0;1;0;0;1;1;0;0;0;0;0;0;0;1;0;0;0;3;1;0;0;0;0;3;0;2;0;2;0;0;0;0;0;0;1;0;2;0;1;0;0;6;1;1;0;0;0;0;0;0;0;0;0;1;2;5;0;0;0;0;0;0;0;3;0;0;2;0;1;7;6;0;0;4;0;0;0;0;1;1;0;0;0;0;0;0;1;0;1;1;0;0;0;0;0;0;0;1;0
54;0;0;0;0;22;2;3;0;0;2;0;0;0;0;0;0;0;0;0;1;0;0;0;0;0;0;2;1;4;0;2;3;12;0;0;3;1;0;0;0;1;8;0;0;0;0;0;0;1;1;2;0;3;0;1;1;0;2;0;0;1;3;12;2;0;2;0;0;1;0;0;1;0;1;0;0;0;1;0;3;0;0;0;0;0;0;0;0;0;1;1;0;1;0;2;0;0;0;4;0;0;0;0;1;1;0;0;0;0;2;1;0;0;2;0;0;0;0;0;0;0;1;4;4;0;0;1;20;0;0;0;4;0;0;1;0;0;1;4;0;2;2;0;0;3;0;0;0;12;1;3;2;0;1;0;0;10;0;2;5;4;0;0;0;0;0;0;0;0;8;0;0;1;0;10;2;0;1;0;0;0;4;0;0;2
55;2;0;1;0;4;0;5;0;1;0;3;0;2;0;0;0;0;0;0;1;0;0;0;0;0;0;0;3;0;0;0;6;1;2;0;0;0;0;0;0;0;1;1;0;0;0;2;20;1;0;2;0;0;0;2;0;0;1;0;0;0;3;4;7;0;1;0;2;2;1;0;0;0;1;2;10;0;0;2;0;13;0;0;0;0;0;1;5;0;0;0;5;0;3;0;0;0;0;0;1;0;0;0;0;3;0;0;0;2;4;0;0;0;0;1;29;0;0;0;0;0;0;4;1;0;3;0;0;0;1;0;0;0;47;0;0;0;0;0;0;0;3;0;0;0;0;0;0;0;0;0;0;5;0;1;0;28;0;0;2;0;0;0;0;0;0;1;1;1;0;0;0;6;0;0;2;0;1;0;0;0;0;1;0;1
56;0;0;2;0;0;0;3;0;1;0;0;0;1;2;0;0;0;0;0;1;3;0;0;0;0;0;1;0;0;0;2;4;37;0;0;4;0;0;0;0;0;1;0;0;0;0;4;0;9;0;0;0;0;2;1;1;3;2;0;0;1;0;2;0;0;1;0;1;0;0;0;0;0;4;0;0;0;4;1;0;0;1;0;0;0;1;1;1;0;0;0;0;4;0;0;1;1;0;1;0;0;1;0;1;4;3;0;0;2;1;0;8;0;1;0;0;0;0;0;3;0;0;0;6;1;0;0;8;6;2;0;2;0;1;0;0;0;1;0;5;0;3;0;0;0;0;0;0;1;0;0;2;2;0;5;3;0;0;2;5;0;0;0;0;0;0;0;0;0;3;0;0;1;0;1;1;0;1;0;0;0;1;0;0;2
57;3;0;2;0;4;1;0;0;3;1;0;0;12;16;15;0;0;0;0;5;0;0;0;0;4;2;5;1;16;0;15;1;1;1;2;0;7;2;0;0;3;2;0;2;0;0;3;5;8;0;4;1;18;5;7;11;7;10;0;0;3;8;2;36;0;5;10;0;5;3;3;11;4;6;1;0;0;12;17;2;1;1;1;0;1;2;0;0;0;0;3;4;9;1;9;1;2;0;14;13;0;1;0;3;1;0;0;15;3;4;2;1;0;4;3;3;10;0;0;1;6;8;11;3;18;0;4;1;2;2;0;3;0;2;7;0;0;6;2;9;7;7;0;0;0;2;0;0;2;7;12;5;1;2;0;13;9;0;2;29;9;0;2;0;10;15;4;0;11;5;1;0;1;2;3;5;1;2;0;1;1;0;1;8;6
58;0;0;2;0;0;1;0;0;0;2;0;0;2;4;3;0;0;0;0;1;0;0;0;0;2;0;11;3;7;0;1;5;0;1;0;1;5;0;0;0;8;0;0;1;0;0;0;0;1;0;2;0;1;1;9;2;1;0;0;0;0;0;1;0;0;2;4;0;2;0;0;4;2;1;0;0;0;4;1;2;0;1;2;4;1;0;1;0;0;2;0;0;4;0;3;1;4;0;4;0;0;0;0;0;0;1;0;0;0;1;0;0;0;1;12;2;3;0;0;1;0;0;12;0;26;0;0;9;11;2;0;9;0;0;1;2;0;4;0;1;4;4;0;0;0;1;1;0;1;0;4;0;0;0;1;1;12;0;9;6;1;1;0;0;0;1;1;0;1;1;0;0;1;0;5;3;0;0;0;0;0;11;0;2;1
59;0;0;1;0;0;0;0;0;0;0;0;0;1;1;2;0;0;0;0;0;0;0;0;0;0;0;1;8;2;0;1;0;0;0;0;1;6;0;1;0;0;0;0;0;0;0;0;0;7;2;1;0;7;0;1;0;10;11;0;0;0;0;5;0;0;5;1;0;1;1;0;4;1;0;0;0;0;2;0;0;0;13;0;0;0;0;0;0;0;1;1;0;4;0;9;1;6;0;0;0;0;1;1;1;1;0;0;0;0;5;7;0;0;0;0;1;0;0;0;0;0;0;3;2;0;0;0;0;6;4;0;52;0;1;0;0;0;3;0;4;1;3;0;0;1;0;0;0;3;2;1;9;0;0;1;0;0;0;2;11;1;0;0;0;0;0;0;0;0;7;0;0;2;0;0;3;0;0;0;2;0;0;1;0;1
60;0;0;1;0;7;1;0;0;0;0;0;0;6;0;5;0;0;0;0;1;0;0;0;0;0;0;5;4;2;0;2;5;0;1;0;2;2;0;0;0;8;2;0;2;0;0;0;2;0;1;10;0;0;0;0;0;0;10;0;0;8;5;3;3;0;5;0;0;1;0;1;11;11;2;0;0;0;3;1;0;0;2;0;1;0;1;2;1;0;0;1;0;0;6;0;0;1;0;4;0;0;0;2;0;0;0;0;2;0;0;1;2;0;1;2;0;2;0;0;1;0;1;10;1;0;0;0;2;2;1;0;8;0;3;1;0;0;1;0;1;1;5;0;0;2;0;0;0;1;6;1;0;0;0;1;1;1;0;1;12;1;0;0;0;1;0;0;0;0;0;0;0;3;1;7;19;26;0;0;0;0;0;0;0;0
61;0;0;2;0;0;1;0;0;0;3;0;0;13;1;0;0;0;0;0;3;0;0;0;0;12;0;31;6;1;0;1;6;0;5;0;0;0;2;0;0;4;0;1;1;0;0;4;0;5;0;6;0;1;0;5;1;2;0;0;1;0;0;5;0;0;4;0;2;0;0;2;3;0;7;0;0;0;0;0;1;0;3;0;0;0;0;0;0;0;0;0;0;4;0;0;8;8;0;1;0;0;0;0;1;2;0;0;0;0;5;0;10;0;5;15;0;1;0;0;1;0;2;5;1;27;0;1;9;2;2;0;41;0;0;2;0;13;1;12;0;2;7;0;0;0;1;0;0;17;5;3;0;0;0;0;2;4;0;0;12;2;3;0;0;0;0;1;0;1;4;0;0;1;0;3;1;0;0;0;0;1;6;0;1;0
62;0;0;1;0;0;1;1;0;0;0;0;0;5;15;1;0;0;0;0;1;3;0;0;0;1;0;0;0;3;2;2;1;0;0;0;0;5;0;0;0;0;0;0;0;0;0;3;0;3;1;0;0;1;17;3;3;8;2;0;0;0;14;2;0;0;4;0;2;1;2;0;5;2;0;2;0;0;1;1;4;3;1;0;0;0;0;1;1;0;0;15;18;4;0;0;1;0;0;6;0;0;0;1;1;0;0;0;0;1;0;3;0;0;2;1;1;0;0;0;2;0;0;2;4;1;0;1;6;2;0;0;0;0;1;4;0;3;2;1;0;1;6;0;0;0;0;0;0;1;3;4;3;2;29;0;1;1;1;9;9;1;0;0;0;0;0;2;2;0;11;0;0;0;0;5;6;0;1;0;0;0;2;0;0;7
63;0;2;0;0;0;0;1;0;0;0;0;0;0;0;0;0;0;0;0;0;0;0;0;0;0;0;0;0;0;0;0;0;0;0;0;0;0;0;1;0;0;0;1;0;0;0;0;0;0;0;0;0;0;0;0;0;0;0;0;0;0;0;0;0;0;0;0;1;0;0;0;1;0;0;0;0;0;0;0;0;0;0;0;0;0;0;0;0;1;0;0;0;0;0;0;0;0;0;0;1;0;0;2;0;0;0;0;0;0;0;0;0;0;0;0;0;0;0;0;0;0;0;0;0;0;0;0;0;0;0;2;0;0;0;0;0;0;0;0;0;0;0;0;0;0;0;0;0;0;0;0;0;1;0;0;0;0;0;0;0;0;1;0;0;0;1;0;0;0;0;0;0;1;0;0;0;0;0;0;0;0;0;0;0;0
64;0;0;0;0;0;0;0;0;0;0;0;0;0;0;0;1;0;0;0;0;0;0;0;0;0;0;0;0;0;0;0;0;0;0;0;0;0;0;0;0;0;0;0;0;0;0;1;0;0;0;0;0;0;0;0;0;0;0;0;0;0;0;0;0;1;0;1;0;0;0;0;0;0;0;0;0;0;0;0;0;0;0;0;0;0;0;0;0;0;0;0;0;0;0;0;0;0;0;0;0;0;0;0;0;0;0;0;0;0;0;0;0;0;0;0;0;0;0;0;0;0;0;0;0;0;0;0;0;0;0;0;0;0;0;0;0;0;0;0;0;1;0;0;0;0;0;0;0;0;0;0;0;0;0;0;0;0;0;1;0;0;0;0;0;0;0;0;0;0;0;0;0;0;0;0;0;0;0;0;0;0;0;0;0;0
65;2;5;1;0;0;0;0;0;0;6;0;0;0;0;0;10;1;0;0;6;1;50;2;5;1;0;1;0;4;0;1;4;0;0;0;5;0;8;8;1;14;0;0;4;0;0;0;1;0;7;0;0;1;5;0;9;0;0;0;0;2;0;0;1;2;0;2;4;1;1;0;10;3;0;14;0;0;14;5;0;0;1;0;0;0;20;20;1;2;0;2;0;2;1;0;5;3;0;3;0;4;1;35;2;2;2;0;0;0;0;11;1;0;3;0;0;0;0;1;0;0;0;0;7;1;0;1;0;1;0;5;0;0;1;7;0;0;1;0;8;7;0;2;0;0;0;1;0;0;0;0;0;0;0;0;1;0;2;1;0;0;0;0;1;0;2;5;2;1;0;0;19;0;0;3;4;40;1;0;0;0;1;0;0;7
66;0;0;1;0;5;0;4;1;8;0;0;4;1;0;1;5;2;0;3;0;1;18;4;2;0;0;1;1;1;0;2;4;0;0;0;0;0;2;4;3;4;1;0;16;2;0;0;5;0;7;0;0;0;0;2;1;0;0;3;1;2;0;0;0;4;0;0;1;1;0;0;5;3;0;1;0;0;0;1;0;1;0;0;0;0;1;16;5;1;0;4;0;4;1;0;3;0;4;7;0;1;3;5;4;2;0;3;0;0;0;0;2;15;1;3;0;0;3;3;0;0;3;0;0;1;1;0;0;0;0;1;0;0;0;0;0;0;0;1;0;2;0;2;2;1;1;3;4;3;0;0;0;0;0;2;0;0;4;3;0;0;0;1;2;0;0;7;3;2;0;0;16;1;0;0;0;49;0;2;0;0;0;0;1;0
67;0;0;0;0;2;0;0;0;0;0;0;0;0;0;0;0;0;0;0;0;0;0;0;0;0;0;0;4;0;0;0;0;0;0;0;0;0;0;0;0;0;0;0;0;0;0;0;0;0;0;0;0;0;0;0;0;0;0;0;0;0;0;0;0;0;0;0;0;0;0;0;0;0;0;0;0;0;2;0;0;0;0;0;0;0;0;0;0;0;0;0;0;0;0;0;0;0;0;0;0;0;0;0;0;0;0;0;1;0;2;0;0;0;0;0;0;0;0;0;0;0;0;0;0;0;0;0;0;0;0;0;0;0;0;0;0;0;0;0;0;6;0;0;0;0;0;0;0;0;0;0;1;3;0;0;0;0;0;2;0;0;0;0;0;0;0;0;0;1;0;0;0;0;0;0;0;0;0;0;0;0;0;0;0;0
68;0;1;0;0;0;0;0;0;0;0;0;0;0;0;0;0;0;0;0;2;1;2;0;0;0;0;2;2;0;0;0;0;0;0;0;0;0;0;0;0;0;1;0;0;0;0;0;0;1;0;0;0;0;0;0;0;1;0;0;0;0;0;0;0;0;1;0;0;0;0;0;0;0;0;0;0;0;1;1;0;0;0;0;0;0;0;0;0;0;0;0;0;0;0;0;1;2;0;0;0;0;0;3;1;0;0;0;0;0;0;1;0;0;3;0;0;0;0;0;0;0;0;0;7;0;0;0;0;0;0;0;0;0;0;0;0;0;0;0;2;0;5;0;0;0;0;0;0;0;2;0;0;0;0;0;0;0;2;0;4;0;0;0;0;1;0;0;0;0;0;0;2;0;0;0;0;0;0;0;0;0;0;0;0;0
69;0;0;0;0;0;0;0;0;0;0;0;0;0;0;0;0;0;0;0;0;0;0;0;0;0;0;0;0;0;0;0;0;0;0;0;0;0;0;0;0;0;0;0;0;0;0;0;0;0;0;0;0;0;0;0;0;0;0;0;0;1;0;0;0;0;0;0;0;0;0;0;0;0;0;0;0;0;0;0;0;0;0;0;0;0;0;0;0;0;0;0;0;0;0;0;0;0;0;0;0;0;0;0;0;0;0;0;0;0;0;0;0;0;0;0;0;0;0;0;0;0;0;0;0;0;0;0;0;0;0;0;0;0;0;0;0;0;0;0;0;0;0;0;0;0;0;0;0;0;0;0;0;0;0;0;0;0;0;0;0;0;0;0;0;0;0;0;0;0;0;0;0;0;0;0;0;0;0;0;0;0;0;79;0;0
70;0;0;0;0;1;0;11;0;1;1;1;0;3;0;0;2;0;0;0;2;9;23;2;8;0;0;8;0;1;1;1;7;0;0;3;0;0;8;6;3;0;0;0;4;0;0;1;1;0;3;0;0;0;0;10;0;0;0;0;1;0;0;0;0;1;0;0;4;10;0;0;2;8;0;1;1;0;9;0;0;2;0;1;3;0;0;5;0;8;0;1;0;1;1;0;1;0;0;0;1;7;5;15;0;1;2;0;0;0;3;2;0;0;1;14;0;4;0;8;0;0;2;0;0;1;0;1;0;0;4;4;0;0;1;0;0;0;0;1;1;1;0;8;0;0;1;3;0;0;0;0;0;5;0;0;0;0;15;4;0;1;0;2;1;1;1;0;0;0;0;1;2;0;0;0;1;0;0;0;0;0;8;0;3;5
71;0;3;1;0;0;0;2;9;18;0;2;36;0;0;0;1;1;0;0;4;3;1;2;3;0;0;3;0;2;0;0;1;0;1;0;1;0;2;1;3;1;0;0;1;0;0;1;0;0;1;0;0;0;1;2;3;0;0;9;0;0;1;0;0;9;0;0;0;0;0;0;6;0;0;0;0;0;3;0;0;1;6;0;0;0;3;0;0;0;0;3;0;15;0;0;2;1;9;0;0;5;0;5;2;1;2;27;1;4;6;4;0;108;4;1;3;0;0;4;0;0;18;0;0;1;0;0;1;1;2;8;0;15;4;3;0;1;0;0;0;9;0;6;18;0;0;1;27;4;0;0;3;7;0;0;0;0;16;4;0;0;0;0;0;4;0;2;20;1;0;0;0;0;0;4;15;0;0;18;0;0;2;0;0;5
72;2;0;0;0;0;0;4;0;12;27;1;0;2;0;0;4;4;4;0;5;0;2;0;0;0;2;0;0;0;0;1;3;0;2;0;0;0;0;1;3;0;1;0;0;2;0;0;2;0;1;0;0;0;0;0;3;1;4;0;1;2;0;0;1;9;0;1;2;1;1;1;0;0;0;1;0;0;0;7;0;0;0;4;0;0;2;0;2;1;0;0;1;0;2;4;1;0;0;0;0;2;1;1;4;0;1;0;0;0;1;3;0;0;2;2;3;8;0;0;0;0;1;2;0;0;0;0;0;0;1;0;0;0;0;0;0;0;0;2;0;0;0;0;0;0;8;3;0;3;0;0;0;0;0;0;0;0;1;2;2;0;4;1;1;1;0;1;0;4;0;1;4;1;1;0;0;0;2;0;0;0;0;34;9;0
73;0;0;1;0;0;0;0;0;0;0;0;0;0;0;2;0;0;0;0;1;6;5;0;0;0;0;0;1;1;0;4;0;0;4;0;1;0;0;0;0;0;0;0;1;0;0;5;1;6;2;0;0;34;0;1;8;4;3;0;0;0;0;1;0;0;2;0;0;0;1;0;0;0;2;0;0;0;2;3;3;3;0;0;0;0;4;0;0;0;0;3;1;1;1;1;4;2;0;9;2;0;0;0;0;0;0;0;0;3;0;1;1;0;5;1;0;0;0;0;2;1;0;2;3;0;0;0;2;0;0;0;0;0;0;0;0;4;0;0;1;1;4;0;0;0;0;0;0;3;0;4;1;0;1;0;0;0;0;0;4;0;0;0;0;0;3;0;1;8;2;0;2;0;0;0;0;1;0;0;0;0;0;0;0;0
74;1;0;1;0;2;0;3;13;30;2;0;65;1;0;0;5;0;1;2;4;0;2;6;2;0;0;1;0;0;1;3;1;0;1;0;0;0;8;3;0;10;1;0;0;0;0;5;0;0;1;0;1;0;0;0;4;0;0;1;0;0;2;1;8;3;0;0;1;3;0;0;9;5;0;1;1;0;4;0;0;1;9;0;0;1;0;0;0;1;0;4;0;4;3;0;0;0;15;4;0;3;2;0;0;1;1;39;0;2;0;11;1;135;2;1;0;1;2;2;0;1;26;0;1;0;1;0;0;0;3;10;0;0;2;1;0;0;0;0;4;1;0;2;26;0;0;2;45;3;0;0;0;3;0;1;0;0;2;0;0;1;0;0;3;5;0;1;28;0;0;0;0;3;1;3;4;0;3;26;0;0;0;0;0;3
75;0;0;0;0;0;0;0;0;0;0;0;0;0;0;0;0;0;0;0;0;0;0;0;0;0;0;0;0;1;0;0;0;0;0;0;0;0;0;0;0;0;0;1;0;0;0;0;0;0;0;0;0;0;1;0;0;0;1;0;0;0;0;0;0;0;0;0;0;0;0;0;0;0;0;0;0;0;0;0;0;0;0;0;0;0;0;0;0;0;0;0;0;0;0;0;0;0;0;0;0;0;0;0;0;0;0;0;0;0;0;0;0;0;0;0;0;0;0;0;0;0;2;1;0;0;0;0;0;0;0;0;0;0;0;0;0;0;0;0;0;0;0;0;0;0;0;0;0;0;0;0;0;0;0;0;0;0;0;0;0;0;0;0;0;0;0;0;0;0;0;0;0;0;0;0;1;0;0;0;0;0;0;3;0;0
76;62;8;1;0;6;0;4;0;0;0;1;0;3;0;0;8;12;0;0;1;8;5;4;0;1;0;2;0;1;0;5;2;2;0;0;1;0;4;3;3;0;1;2;0;0;0;0;0;0;0;0;0;1;0;6;2;0;0;0;0;0;0;0;1;1;0;0;9;4;76;0;0;1;0;1;2;0;9;1;0;2;1;0;0;0;0;1;3;14;0;3;0;1;5;0;2;2;0;1;1;2;1;1;3;0;0;0;0;1;5;11;2;0;1;3;5;0;0;2;0;1;0;0;0;0;5;0;0;0;1;5;0;0;0;2;0;0;0;0;1;16;0;3;0;4;0;5;0;0;0;0;0;2;0;1;1;0;1;2;0;0;0;0;2;0;1;5;0;0;0;0;0;4;0;0;0;0;4;0;0;0;1;0;0;2
77;3;0;1;0;3;0;12;0;0;3;1;0;1;0;0;8;10;0;0;17;3;0;2;13;0;0;0;2;1;0;0;1;2;1;0;0;0;16;3;1;0;1;3;0;0;0;2;3;0;0;0;0;4;0;17;1;0;0;0;0;70;0;0;4;16;0;0;10;0;3;0;1;0;0;1;0;0;8;4;0;3;1;0;0;0;2;0;7;8;0;5;0;0;1;1;11;0;0;10;1;4;0;5;1;0;0;0;0;6;0;4;3;0;10;1;0;0;0;3;0;17;1;0;0;0;3;0;0;0;2;8;0;0;8;3;0;0;0;0;5;3;0;2;0;0;0;7;3;3;0;0;1;0;0;0;3;0;4;0;0;0;0;0;4;10;1;5;1;2;0;0;0;2;0;0;4;0;13;0;1;0;7;0;0;2
78;2;0;0;0;0;0;0;0;0;2;0;0;0;0;0;0;0;0;0;0;0;6;1;0;0;0;0;0;0;0;0;1;0;0;0;0;0;0;0;0;0;0;0;0;0;0;0;2;0;0;0;0;0;0;0;0;0;0;0;0;0;0;0;0;0;0;0;0;0;0;0;0;0;0;1;0;0;3;0;0;0;0;0;0;0;0;0;0;0;0;0;0;0;1;0;0;0;0;1;1;0;0;5;0;0;0;0;0;0;0;2;0;0;0;0;0;0;0;1;0;0;0;0;0;0;0;0;0;0;0;0;0;0;0;0;0;0;0;0;4;0;0;1;0;0;0;0;0;1;0;1;0;2;0;0;0;0;0;1;0;0;0;0;0;1;1;0;0;0;0;0;7;0;0;0;0;0;0;0;0;0;0;0;0;0
79;0;0;0;0;6;0;4;0;0;0;0;0;0;0;0;0;0;0;0;0;2;0;0;0;0;0;0;0;0;0;0;0;0;0;0;0;0;0;0;0;5;0;0;0;0;0;0;0;0;1;0;0;0;0;0;3;0;0;0;0;0;0;0;0;2;0;0;0;0;0;0;2;2;0;0;0;0;0;0;0;0;0;0;0;0;0;0;1;0;0;0;0;3;0;0;0;1;0;1;0;0;0;0;0;0;0;0;0;0;0;0;1;0;0;0;0;0;0;4;0;0;0;0;0;0;0;0;0;0;0;0;0;0;0;0;0;0;0;0;0;1;0;4;0;0;0;0;0;0;0;0;0;0;0;0;0;0;1;0;0;0;0;0;0;0;0;2;0;0;0;0;0;0;0;0;0;0;0;0;0;0;0;0;0;0
80;0;0;1;0;5;0;4;1;8;0;0;4;1;0;1;5;2;0;3;0;1;18;4;2;0;0;1;1;1;0;2;4;0;0;0;0;0;2;4;3;4;1;0;16;2;0;0;5;0;7;0;0;0;0;2;1;0;0;3;1;2;0;0;0;4;0;0;1;1;0;0;5;3;0;1;0;0;0;1;0;1;0;0;0;0;1;16;5;1;0;4;0;4;1;0;3;0;4;7;0;1;3;5;4;2;0;3;0;0;0;0;2;15;1;3;0;0;3;3;0;0;3;0;0;1;1;0;0;0;0;1;0;0;0;0;0;0;0;1;0;2;0;2;2;1;1;3;4;3;0;0;0;0;0;2;0;0;4;3;0;0;0;1;2;0;0;7;3;2;0;0;16;1;0;0;0;49;0;2;0;0;0;0;1;0
81;1;0;1;0;6;0;0;0;1;1;0;0;1;0;0;0;2;0;0;0;5;2;1;0;2;0;1;0;0;0;2;2;0;2;0;0;0;3;0;1;0;3;0;0;0;0;3;0;0;2;0;0;0;0;0;0;0;0;0;0;2;0;0;0;7;0;0;0;1;0;0;0;0;0;2;5;0;0;0;0;1;0;0;0;0;0;4;13;6;2;2;0;7;0;1;0;0;0;0;22;1;0;1;1;2;2;0;0;1;5;0;3;0;4;0;2;0;0;0;0;0;0;0;3;0;2;0;0;0;3;6;0;38;0;0;0;1;0;1;0;2;0;0;0;1;0;9;0;1;0;1;1;7;0;0;0;0;4;2;0;2;0;0;6;0;6;0;0;1;0;0;0;0;0;0;0;0;0;0;0;0;1;0;0;0
82;1;7;0;0;0;0;8;0;2;2;2;2;0;0;0;2;0;0;0;1;0;0;2;0;0;0;0;0;0;0;3;0;0;0;0;1;0;3;9;1;0;0;0;0;0;0;0;0;0;0;0;0;1;1;0;4;0;0;0;0;0;0;0;0;0;0;0;2;1;1;0;0;1;0;0;5;0;0;1;0;0;0;0;0;0;2;1;6;2;0;3;0;3;0;0;1;0;0;0;0;0;0;0;0;0;0;2;0;0;0;3;1;0;1;0;10;1;0;2;0;0;0;0;2;9;1;0;1;0;3;1;0;5;0;0;0;0;0;0;0;0;0;1;0;2;0;0;0;2;0;0;2;0;0;0;0;0;1;1;0;0;0;0;1;2;0;2;0;0;0;0;0;3;0;1;0;0;0;0;0;0;0;0;0;0
83;2;5;1;0;0;0;0;0;0;6;0;0;0;0;0;10;1;0;0;6;1;50;2;5;1;0;1;0;4;0;1;4;0;0;0;5;0;8;8;1;14;0;0;4;0;0;0;1;0;7;0;0;1;5;0;9;0;0;0;0;2;0;0;1;2;0;2;4;1;1;0;10;3;0;14;0;0;14;5;0;0;1;0;0;0;20;20;1;2;0;2;0;2;1;0;5;3;0;3;0;4;1;35;2;2;2;0;0;0;0;11;1;0;3;0;0;0;0;1;0;0;0;0;7;1;0;1;0;1;0;5;0;0;1;7;0;0;1;0;8;7;0;2;0;0;0;1;0;0;0;0;0;0;0;0;1;0;2;1;0;0;0;0;1;0;2;5;2;1;0;0;19;0;0;3;4;40;1;0;0;0;1;0;0;7
85;0;0;0;0;0;0;0;0;0;0;0;0;0;0;0;0;0;0;0;0;0;0;0;0;0;0;0;0;0;0;0;0;0;0;0;0;0;0;0;0;0;0;0;0;1;0;0;0;0;0;0;0;0;3;0;0;0;0;0;0;0;0;0;0;0;0;0;0;0;0;0;0;0;0;0;0;0;0;0;0;0;0;5;0;0;0;0;0;0;0;0;0;0;0;1;0;0;0;0;0;0;0;0;0;0;0;0;0;0;0;0;0;0;0;0;0;1;0;0;0;0;1;0;0;0;0;0;0;0;0;0;0;0;0;0;0;0;0;0;1;0;0;0;0;0;1;0;0;0;0;0;0;0;0;0;0;0;0;0;0;0;2;0;0;0;0;0;1;0;0;0;0;0;0;0;0;0;0;0;0;0;0;0;1;0
86;0;0;0;0;0;0;0;0;0;0;0;0;0;0;0;0;0;0;0;0;0;0;0;0;1;0;0;0;0;0;0;0;0;0;0;0;0;0;0;0;0;0;0;0;0;0;0;0;0;0;0;0;0;0;0;0;0;0;0;0;0;0;0;0;0;0;0;0;0;0;0;0;0;0;0;0;0;0;0;0;0;0;0;0;0;0;0;0;0;0;0;0;0;0;0;0;0;0;0;2;0;0;3;0;0;0;0;0;0;0;0;0;0;0;0;0;0;0;0;0;0;0;0;0;0;0;0;0;0;0;0;0;0;0;1;0;0;0;0;0;0;0;0;0;0;0;0;0;0;0;0;0;0;0;0;1;0;0;0;0;0;0;0;0;0;1;1;0;0;0;0;0;0;0;0;0;0;0;0;0;0;0;0;0;0
87;1;0;0;0;1;1;4;0;1;0;8;0;34;0;0;0;4;0;0;1;4;0;0;0;3;0;6;1;1;0;7;6;0;0;0;0;0;0;1;4;0;5;0;0;0;0;0;2;0;0;0;0;0;0;4;1;0;0;0;0;1;1;0;1;2;0;0;0;7;1;0;0;0;0;0;10;0;0;0;0;2;0;0;0;0;0;0;18;10;0;0;1;4;21;0;2;0;0;0;5;4;1;0;0;4;0;0;0;0;5;0;6;0;0;9;38;0;0;7;1;6;0;0;0;0;51;0;0;0;3;4;0;25;1;0;0;0;1;52;0;3;0;7;0;12;0;14;0;1;0;2;0;1;2;3;0;0;0;0;0;1;0;0;0;3;1;0;0;4;0;0;0;1;0;0;0;0;0;0;0;0;8;0;0;0
88;35;16;1;0;0;1;4;0;0;0;1;0;0;0;0;3;0;0;0;0;2;2;1;2;0;0;1;0;0;0;2;1;3;3;0;0;0;3;0;0;0;0;1;0;0;0;0;1;0;0;0;0;0;0;1;0;0;0;0;0;3;0;0;2;0;0;0;1;1;0;0;0;0;0;2;1;0;0;6;0;0;0;0;0;0;2;3;0;0;0;1;0;0;2;2;0;0;0;0;1;1;1;1;0;0;0;0;0;1;4;0;0;0;0;1;0;0;0;2;0;0;0;0;0;0;3;0;0;1;5;3;0;0;1;0;0;0;0;0;0;0;0;2;0;0;0;0;0;1;0;0;0;0;0;1;6;0;16;0;0;0;0;0;1;3;1;1;0;0;0;0;0;17;0;0;1;6;2;0;0;0;0;0;0;0
89;0;0;1;0;2;0;0;0;0;5;0;0;2;0;0;2;2;4;0;3;2;0;12;0;0;4;23;0;2;0;3;6;0;0;0;3;1;2;2;0;2;1;0;0;23;0;2;1;0;3;0;4;2;13;13;1;1;3;0;6;2;5;0;1;1;0;0;0;0;0;2;2;1;0;0;1;0;5;1;2;0;2;2;0;4;1;0;0;0;0;9;0;5;0;1;8;0;0;0;0;0;3;0;3;4;0;0;0;3;0;0;0;0;4;5;4;27;0;4;0;0;8;3;2;1;2;2;0;1;8;2;0;0;0;0;0;0;0;5;2;3;0;6;0;0;3;0;0;3;0;2;1;0;0;0;0;0;1;2;0;1;5;7;0;1;0;7;0;1;5;3;0;24;2;0;13;0;0;0;3;0;40;0;21;0
90;0;1;1;0;0;1;3;0;0;0;0;0;0;0;0;9;0;0;0;0;1;11;1;0;1;0;0;0;0;0;2;0;0;1;0;1;0;5;2;1;0;2;1;0;0;0;2;0;0;3;0;0;2;0;1;1;0;0;0;0;0;0;0;1;2;0;0;2;1;0;0;1;0;0;0;22;0;0;0;1;0;0;0;0;0;4;3;0;1;0;0;0;0;0;0;4;2;0;0;2;2;0;16;3;0;5;0;1;0;0;3;2;0;4;1;2;0;0;3;1;1;0;0;4;0;2;0;0;0;0;2;0;5;0;0;0;0;0;1;0;4;0;2;0;0;0;2;0;3;0;0;0;0;0;0;1;0;8;0;0;0;0;0;1;0;0;1;0;0;0;1;15;1;0;1;4;0;0;0;0;0;0;0;1;0
91;0;0;0;0;0;0;0;0;6;0;1;4;0;0;0;0;0;0;0;0;0;0;0;0;0;0;0;0;0;0;0;0;0;0;0;0;0;0;0;0;0;0;0;0;0;0;0;0;0;0;0;0;0;0;0;0;0;0;2;0;0;0;0;0;0;0;0;0;0;0;0;0;0;0;0;0;0;0;0;0;0;0;0;0;0;0;0;0;0;0;0;0;0;0;0;0;0;4;0;0;0;0;0;0;0;0;3;0;0;0;0;0;8;0;0;0;0;0;0;0;0;0;0;0;0;0;0;0;0;0;0;0;0;0;0;0;0;0;0;0;0;0;0;7;0;0;0;0;0;0;0;0;1;0;0;0;0;0;0;0;0;0;0;0;0;0;0;0;0;0;0;0;0;0;0;0;0;0;0;0;0;0;0;0;0
92;0;0;0;0;0;0;0;0;0;0;0;0;0;0;0;0;0;0;0;0;0;0;0;0;0;0;0;0;0;0;0;0;0;0;0;0;0;0;0;0;0;0;0;0;0;0;0;0;0;0;0;0;0;0;0;0;0;0;0;0;0;0;0;0;0;0;0;0;0;0;0;0;0;0;0;0;0;0;0;0;0;0;0;0;0;0;0;0;0;0;0;0;0;0;0;0;0;0;0;0;0;0;0;0;0;0;0;0;0;0;0;0;0;0;0;0;0;0;0;0;0;0;0;0;0;0;0;0;0;0;0;0;0;0;0;0;0;0;0;0;0;0;0;0;0;0;0;0;0;0;0;0;0;0;0;0;0;0;0;0;0;0;0;0;0;0;0;0;0;0;0;0;0;0;0;0;0;0;0;0;0;0;0;0;0
93;6;0;1;0;0;0;1;0;0;0;0;0;0;0;0;0;3;0;0;0;2;0;6;12;0;2;0;0;0;0;0;4;0;0;3;0;0;5;3;0;0;0;0;0;4;0;2;7;0;0;0;30;1;0;1;1;0;0;0;16;0;0;0;0;1;0;0;3;0;0;32;0;0;0;0;0;0;0;20;0;4;0;29;0;22;1;0;0;0;0;0;0;0;0;1;1;0;0;0;0;0;0;0;1;0;0;0;0;0;0;0;0;0;2;0;0;60;0;0;0;0;43;0;0;0;0;0;1;0;0;3;0;0;0;0;0;0;0;0;0;0;0;2;0;0;5;0;0;0;0;0;0;0;0;1;0;0;0;0;0;0;31;3;0;5;0;0;1;0;0;3;0;0;0;0;0;0;0;0;0;0;1;0;47;0
94;0;6;2;0;3;1;37;4;20;4;1;12;0;0;0;2;3;1;8;3;3;5;0;11;0;0;0;0;0;0;0;2;0;2;0;0;0;1;1;0;0;0;2;4;0;0;0;2;0;0;0;0;0;1;0;0;0;0;6;0;1;0;0;0;1;0;0;8;1;0;0;0;1;0;0;0;0;0;2;0;12;0;0;0;0;0;2;2;0;0;0;0;1;13;0;8;1;10;4;1;1;0;1;0;0;0;6;6;3;1;1;7;40;1;0;0;0;8;3;0;5;6;0;0;0;3;0;0;0;0;5;0;0;0;0;0;0;0;0;0;1;0;2;6;0;0;3;6;0;0;0;0;4;0;0;0;0;6;0;0;0;0;0;2;2;0;1;4;3;0;0;0;0;0;0;0;0;2;4;0;0;0;0;0;1
95;0;0;0;0;0;3;0;0;0;0;1;0;3;0;0;0;4;0;0;0;0;0;1;4;1;0;10;0;0;8;1;2;0;2;0;0;0;2;0;2;1;0;0;5;0;0;6;2;0;0;0;0;0;0;7;0;0;1;0;0;0;0;0;0;1;0;0;1;1;0;0;9;0;0;11;2;0;0;0;2;0;0;0;0;0;0;0;1;2;1;0;0;0;0;6;0;5;0;0;0;1;2;3;1;1;1;0;1;0;1;0;1;0;0;16;0;0;0;1;1;0;0;0;0;1;0;0;0;0;1;1;0;0;0;0;0;8;1;3;0;4;0;4;0;3;0;4;0;1;0;0;0;0;0;0;0;0;0;0;0;0;0;0;5;0;0;0;0;0;0;0;0;0;0;3;0;0;0;0;0;0;10;0;0;1
96;3;4;2;1;1;3;3;0;2;0;1;0;2;0;1;2;5;4;0;0;2;0;4;2;2;0;1;0;2;3;2;0;3;0;0;2;0;8;2;17;4;2;2;0;1;0;8;14;0;0;0;3;5;3;11;1;1;0;0;2;0;4;0;2;2;0;2;0;2;0;4;8;4;0;5;1;1;0;2;5;4;0;6;0;0;0;0;0;4;1;3;0;3;3;5;0;4;0;9;1;1;9;0;2;0;0;0;3;0;1;0;0;0;1;2;1;21;0;1;1;7;8;0;1;3;5;0;0;0;1;1;0;0;1;0;2;2;4;0;1;5;0;1;0;1;2;23;0;4;0;11;1;2;0;0;1;0;3;6;0;0;1;2;10;2;3;7;2;2;0;1;0;2;3;12;3;0;9;0;2;0;1;1;13;2
97;0;0;0;0;0;0;1;0;0;0;4;0;0;0;0;0;3;0;0;0;1;0;0;0;0;0;2;1;0;15;0;1;1;1;0;0;0;0;0;5;0;0;1;0;0;0;0;1;0;2;0;0;0;0;1;0;0;0;0;0;0;0;0;0;0;0;0;0;0;0;0;2;0;0;29;0;0;0;0;0;2;0;0;0;0;0;2;0;1;0;0;0;0;0;2;0;1;0;2;9;2;0;4;0;5;0;0;0;0;0;0;1;0;0;8;1;0;0;1;0;0;0;0;0;0;4;0;0;0;3;4;0;0;4;0;0;2;1;0;0;0;0;1;0;2;0;2;3;0;0;0;1;1;0;0;3;0;0;0;0;0;0;0;0;2;12;1;2;0;0;0;0;0;0;6;2;0;0;0;1;0;0;0;0;1
98;0;0;4;0;0;5;4;21;164;0;22;64;3;0;0;1;4;0;38;4;4;0;5;6;0;0;6;8;0;8;0;2;1;6;0;1;0;0;1;8;1;8;0;0;0;0;5;46;0;0;0;0;1;0;3;1;0;0;29;0;0;0;0;1;5;0;0;2;19;0;0;3;0;0;22;6;0;1;3;0;3;1;0;0;0;0;0;1;6;0;11;0;4;1;6;2;5;82;1;4;1;3;1;0;12;1;66;2;0;6;1;5;201;3;13;8;0;38;4;1;1;24;0;1;0;4;0;0;0;0;2;0;0;3;4;0;2;0;0;1;10;0;3;40;16;0;14;33;1;0;1;1;8;3;2;0;0;1;0;0;2;0;0;5;6;5;0;23;0;0;0;0;2;0;3;5;0;0;22;0;0;9;1;0;6
99;0;0;1;0;2;12;1;0;0;1;0;0;4;0;0;0;0;0;0;3;2;9;1;4;6;0;1;0;0;8;2;0;0;0;0;1;0;5;7;21;6;0;1;0;0;0;4;3;0;0;0;0;1;0;7;0;0;0;0;0;0;0;0;0;2;0;1;1;0;1;0;9;17;0;7;1;0;6;2;3;0;0;0;0;0;0;1;0;2;2;2;0;0;1;2;1;0;0;2;1;1;8;1;0;0;0;0;1;0;2;4;3;0;0;2;1;0;0;1;4;1;0;0;0;0;0;1;0;0;0;3;0;0;1;2;0;2;1;1;1;4;0;1;0;5;0;10;0;2;0;0;7;4;0;3;4;0;2;2;0;1;0;0;9;0;1;6;1;1;0;0;0;0;0;25;6;0;2;0;0;0;2;0;0;1
100;2;0;0;0;1;0;1;0;0;0;1;0;1;11;1;0;0;0;0;0;2;0;0;0;1;0;1;1;0;0;0;0;0;2;0;0;0;0;0;0;0;0;0;0;0;0;1;1;4;0;0;0;0;0;0;10;1;0;0;0;2;1;0;3;0;1;2;0;0;0;0;0;0;0;8;0;0;1;1;0;3;0;0;0;0;0;0;1;0;0;1;1;1;0;0;0;1;0;0;0;0;0;0;0;2;0;0;0;0;5;0;1;0;0;0;0;0;0;0;0;1;0;0;0;0;0;0;0;0;1;0;4;0;1;1;0;0;1;0;0;0;2;0;0;0;0;0;0;0;0;0;1;1;1;2;0;0;0;0;8;0;0;0;0;8;0;0;0;1;0;0;0;2;0;0;1;0;1;0;0;0;2;0;0;1
101;0;0;0;1;2;3;0;0;0;3;0;0;1;0;0;1;3;1;0;1;0;0;1;2;0;20;9;1;1;4;0;1;0;0;11;0;0;0;1;7;2;0;0;4;8;5;2;0;0;1;0;19;1;18;2;0;5;0;0;8;0;0;0;0;2;0;1;0;4;0;18;8;8;0;5;1;5;1;0;6;1;0;42;34;6;0;0;0;0;1;1;0;0;0;4;6;2;0;2;3;0;4;0;0;0;0;0;0;0;0;0;0;0;1;1;0;103;0;2;3;0;67;0;0;1;0;18;0;0;2;1;0;0;0;0;1;0;0;5;0;0;0;2;0;2;28;6;0;0;0;0;0;0;0;7;0;0;6;8;0;0;15;7;2;1;3;4;0;0;0;30;0;0;9;7;11;0;0;0;0;3;5;0;72;0
102;2;0;2;0;1;0;0;0;6;0;2;0;0;0;0;0;0;0;0;0;2;0;0;1;0;0;0;0;0;0;0;2;1;0;0;0;0;1;1;0;0;5;0;0;0;0;0;44;0;0;0;0;0;1;0;0;0;0;0;0;0;0;0;4;2;0;0;0;8;0;0;0;0;0;4;1;0;0;6;0;13;0;0;0;0;0;0;0;0;0;1;0;5;0;0;3;0;0;5;3;0;4;0;0;1;0;0;0;0;0;0;0;0;1;2;3;0;0;0;0;4;0;0;0;0;1;0;0;0;1;3;0;0;0;0;0;0;1;1;0;0;0;1;0;0;0;4;0;3;0;0;0;20;1;0;13;0;0;5;0;0;0;0;13;3;3;0;0;0;0;0;0;0;0;0;0;0;18;0;0;0;1;0;0;0
103;1;0;48;0;21;14;7;0;1;0;3;0;4;0;0;3;4;0;0;3;9;0;2;2;4;0;13;4;2;32;3;0;22;6;1;0;0;0;3;28;2;6;0;0;0;0;6;13;0;0;1;0;0;0;9;0;0;2;0;0;2;2;0;0;7;0;0;1;2;3;0;3;4;0;55;4;0;2;0;6;3;0;1;1;0;0;2;1;0;0;3;0;0;3;4;1;14;0;2;22;3;2;2;2;0;4;0;0;0;0;0;3;0;0;10;2;2;0;10;2;7;0;3;0;18;5;0;0;0;17;0;0;0;2;1;0;1;0;0;0;16;0;8;0;29;0;24;0;3;0;0;0;8;0;10;2;0;2;1;0;5;0;0;10;3;19;0;1;0;0;0;0;0;0;16;5;0;1;0;1;0;2;0;0;0
104;0;0;0;88;0;0;0;1;2;0;2;5;0;0;0;0;0;12;0;0;0;0;0;0;0;8;0;0;0;0;0;0;0;0;13;0;0;0;3;0;0;0;0;0;19;3;0;0;0;0;1;9;4;6;0;0;1;1;0;10;0;2;0;0;0;0;0;0;0;0;79;0;0;0;0;0;3;0;0;0;4;0;76;7;13;0;0;0;0;23;0;0;5;0;0;0;0;1;0;6;0;0;0;0;0;0;3;0;0;0;1;0;10;0;0;0;351;0;0;0;0;136;0;0;0;1;1;0;0;0;0;0;0;0;0;1;0;0;0;9;0;0;0;2;0;58;0;3;0;0;0;0;0;0;0;0;0;0;5;0;1;54;22;2;1;3;11;3;0;0;39;0;0;26;0;4;0;2;2;86;5;0;106;111;0
105;0;0;1;0;1;0;0;7;47;0;0;35;3;0;0;1;5;1;16;1;1;0;2;3;0;5;34;1;2;5;0;2;0;2;0;0;0;2;6;4;0;0;1;13;1;0;4;0;0;4;0;0;1;4;16;0;0;0;7;3;0;0;0;0;5;0;0;0;6;0;2;2;2;0;11;1;0;1;0;1;0;0;0;7;0;2;4;3;1;3;1;0;1;0;3;0;5;23;17;0;2;4;3;2;4;0;21;0;0;2;0;3;123;3;8;2;5;16;1;1;0;28;0;0;31;2;0;0;0;6;3;0;0;0;1;0;21;3;18;0;6;0;3;28;2;3;5;21;4;0;4;0;1;0;0;2;0;0;1;0;0;3;0;4;0;0;4;15;2;0;0;1;0;0;19;10;0;0;14;0;0;19;0;4;0
106;2;0;0;1;1;2;10;0;0;4;7;0;7;0;0;2;0;1;0;1;4;0;10;3;0;5;2;1;0;0;9;0;2;3;0;0;0;1;0;1;1;12;2;2;2;2;0;1;0;1;0;1;1;0;0;0;0;1;0;1;16;0;0;0;2;0;2;1;6;2;1;0;0;0;17;2;0;0;3;0;21;1;9;0;1;0;4;7;1;0;3;0;2;1;2;1;7;0;0;3;0;1;0;1;5;0;0;3;3;3;0;2;0;10;1;5;6;0;0;1;0;12;0;0;0;0;0;0;0;2;0;0;0;5;1;0;8;0;0;0;0;0;0;0;1;0;8;0;3;0;2;1;1;1;0;0;0;0;2;0;0;1;1;8;3;4;2;3;4;0;1;2;1;0;0;0;1;0;0;1;0;2;0;11;1
107;0;0;1;0;3;2;1;0;0;3;2;0;2;0;2;0;14;0;0;0;1;5;1;4;1;0;3;0;0;0;5;2;0;2;0;0;0;1;1;3;0;3;1;6;0;0;1;3;0;1;0;0;0;3;2;3;0;0;0;0;1;1;0;13;17;0;0;0;0;0;0;4;2;0;12;23;0;2;1;1;9;2;0;0;0;1;2;1;10;0;2;0;2;16;1;0;2;0;0;4;2;7;0;0;0;2;0;4;1;5;1;0;0;0;0;12;0;0;2;0;8;0;0;0;0;9;0;0;2;10;2;0;0;1;0;0;0;3;0;1;2;0;2;0;6;9;3;0;2;0;1;0;0;0;0;26;0;1;0;0;4;0;0;4;0;4;0;1;1;0;0;0;2;0;9;3;15;1;0;2;0;1;0;0;3
108;9;0;0;0;0;0;6;24;89;2;8;72;0;0;0;0;0;0;32;2;1;0;5;3;0;0;0;0;0;0;0;2;3;3;0;0;0;2;2;0;0;4;0;0;0;0;5;10;0;0;0;0;0;0;0;1;0;0;26;0;0;0;0;2;0;0;0;0;3;0;0;0;10;0;37;0;0;0;0;0;2;0;0;0;0;0;0;10;0;0;0;0;0;0;0;3;0;44;0;7;1;0;0;0;13;0;36;0;0;0;0;0;223;4;0;0;0;32;1;0;16;46;0;0;0;0;0;0;0;4;1;0;0;0;1;0;0;0;0;0;0;0;1;46;8;0;4;36;0;0;0;0;2;0;1;1;0;1;1;0;0;0;0;1;0;5;3;24;1;0;0;0;1;0;0;0;0;13;24;0;0;0;0;0;1
109;0;1;0;0;3;0;0;8;22;11;0;28;3;0;0;3;4;0;5;0;0;9;3;1;1;0;15;0;0;0;0;0;0;0;0;0;0;1;1;4;2;0;1;1;0;0;1;3;0;1;0;0;2;1;5;1;0;0;8;1;2;0;0;3;2;0;2;1;2;1;0;0;2;0;10;0;0;0;0;1;0;0;0;0;1;0;1;3;0;0;2;0;2;0;4;0;3;11;14;1;0;5;5;1;7;0;18;0;0;1;0;2;85;0;4;0;1;5;1;0;0;20;0;0;0;0;0;0;0;1;3;0;0;0;0;0;1;0;0;0;0;0;1;16;0;1;7;18;1;0;1;0;0;0;3;0;0;0;2;0;0;0;0;0;0;1;0;12;0;0;1;0;0;2;12;3;2;0;12;0;0;4;0;4;1
110;0;0;2;0;2;0;2;0;0;0;0;0;0;0;0;0;0;0;0;0;0;0;1;0;0;0;0;0;0;1;0;0;1;0;0;0;0;0;1;0;0;0;0;0;0;0;5;1;0;0;0;0;0;0;0;0;0;0;0;0;0;0;0;0;0;0;0;0;0;0;0;0;2;0;5;0;0;0;0;0;1;0;0;0;0;0;0;2;1;0;0;0;0;0;0;0;0;0;4;0;0;0;0;0;1;0;0;0;0;0;0;0;0;1;0;0;0;0;1;0;0;0;0;0;0;0;0;3;0;0;0;0;0;0;0;0;0;0;0;1;0;0;0;0;0;0;4;0;0;0;0;0;1;0;0;1;0;0;1;0;0;0;0;1;0;2;0;0;0;0;0;0;1;0;1;1;7;1;0;0;0;0;0;0;0
111;0;0;0;0;1;0;0;0;0;0;1;0;17;0;0;0;7;0;0;0;1;0;0;0;4;0;1;0;1;0;1;0;1;2;0;0;0;0;0;6;3;0;0;1;0;0;1;1;0;0;0;0;0;0;4;0;0;0;0;0;0;1;0;1;2;0;0;0;9;0;0;3;0;0;0;15;0;0;1;14;2;0;0;0;0;0;0;0;8;0;1;0;0;0;0;0;0;0;0;0;1;10;0;9;0;1;0;1;0;2;2;0;0;0;3;2;0;0;1;1;1;0;0;0;1;0;0;0;0;0;3;0;0;0;1;0;1;1;3;0;3;0;2;0;5;0;5;0;1;0;2;0;0;0;7;0;0;0;5;0;0;0;0;2;0;0;0;1;1;0;0;0;0;0;2;0;0;0;0;1;0;9;0;0;2
112;0;0;0;0;0;0;2;0;5;0;2;0;3;0;0;2;3;0;0;0;1;0;1;1;1;0;1;2;0;13;0;0;0;1;0;1;0;1;0;6;2;3;0;0;0;0;0;0;0;1;0;0;0;0;0;0;0;0;0;0;0;0;0;0;0;0;0;0;1;0;0;0;0;0;18;20;0;0;0;0;4;1;0;0;0;0;2;0;4;0;1;0;2;2;0;5;3;0;0;0;3;0;0;0;8;0;0;0;0;0;0;0;0;7;1;6;0;0;3;5;18;0;0;0;2;1;0;0;0;2;3;0;34;0;0;0;1;0;0;3;0;0;0;0;0;0;10;0;2;0;0;5;9;0;31;1;0;0;0;0;0;0;0;0;7;1;7;0;1;0;0;0;0;0;4;0;0;10;0;6;0;0;0;0;0
113;1;0;0;0;0;0;0;0;0;1;2;0;0;0;0;1;2;1;0;1;0;0;6;0;0;3;9;1;0;5;1;0;0;3;0;0;0;3;0;5;0;5;0;0;0;0;3;1;0;0;0;0;0;1;7;0;0;0;0;0;0;0;0;0;2;0;0;0;1;0;0;0;0;0;7;0;0;0;1;0;3;0;1;0;0;0;0;1;0;4;2;0;3;0;0;3;1;0;0;0;2;0;0;0;0;0;0;0;0;1;0;0;0;6;1;1;0;0;1;0;0;1;0;0;1;2;0;0;0;2;0;0;0;1;0;0;36;0;0;0;4;0;0;0;0;1;5;0;1;0;0;3;1;0;1;0;0;0;0;0;0;0;0;0;1;1;0;1;0;0;0;0;1;0;3;0;0;0;0;0;0;10;3;3;7
114;14;0;2;0;6;3;5;0;0;0;6;0;0;0;0;0;1;0;0;4;0;0;1;2;0;0;0;1;2;17;3;0;18;0;0;0;0;0;3;6;1;8;0;0;0;0;0;2;0;1;0;0;0;1;5;1;0;0;0;0;0;1;0;0;1;0;0;0;1;0;0;0;1;0;17;0;0;1;0;2;2;0;1;0;0;0;0;1;7;0;1;0;0;4;0;0;0;0;0;0;1;5;0;1;1;1;0;0;1;0;0;1;0;0;0;5;0;0;4;3;2;0;0;0;0;0;1;0;0;0;1;0;0;2;2;0;1;2;0;1;3;0;2;0;2;0;12;0;0;0;1;1;6;0;2;6;0;3;1;0;0;0;0;2;7;0;0;1;1;0;0;0;0;0;5;0;0;0;0;0;0;2;0;0;0
116;0;0;0;0;0;0;0;4;38;0;0;16;0;0;0;0;0;0;0;0;0;0;0;0;0;0;1;0;0;0;0;0;0;0;0;0;0;0;0;2;1;0;0;1;0;0;0;0;0;0;0;0;0;0;0;0;0;0;1;0;0;0;0;0;1;0;0;0;0;0;0;3;3;0;1;0;0;0;0;0;0;0;0;0;0;0;0;0;0;0;0;0;0;0;1;0;0;13;0;0;0;2;1;0;0;0;1;0;0;1;0;1;36;0;0;0;0;0;1;0;0;1;0;0;1;0;0;0;0;0;0;0;0;0;0;0;0;0;0;0;0;0;1;9;0;1;0;12;0;0;0;0;1;0;0;0;0;0;0;0;0;0;1;0;0;1;0;4;0;0;0;0;0;0;3;0;0;0;0;0;0;1;0;1;0
117;3;0;3;1;0;16;0;1;0;1;0;0;0;0;3;3;6;4;0;1;1;0;1;1;2;1;0;0;0;21;4;0;0;4;1;0;0;0;1;6;2;5;0;0;3;0;24;25;0;0;0;5;0;0;0;2;1;3;0;2;11;0;0;5;7;0;0;0;0;0;0;0;1;0;29;61;1;0;2;13;6;2;4;0;0;1;0;0;10;3;0;0;0;1;4;0;1;0;0;1;6;4;1;1;2;0;0;0;1;4;2;3;0;1;6;32;26;0;0;3;1;10;0;0;0;1;4;0;0;7;1;0;13;2;0;2;0;11;2;2;0;0;0;0;11;3;9;0;0;0;0;5;1;0;13;5;0;0;0;0;2;6;0;13;4;3;0;1;2;0;2;0;2;1;12;0;1;0;0;0;0;4;0;12;0
118;0;0;0;0;0;0;1;0;4;0;0;0;1;0;0;0;0;0;1;0;0;0;0;0;0;0;0;0;0;1;0;3;0;0;0;2;0;0;0;0;0;4;0;0;0;0;1;0;2;0;0;0;0;0;0;1;10;1;0;0;0;0;0;0;0;5;0;0;1;0;0;1;0;3;15;0;0;0;1;0;0;0;0;0;0;0;0;0;0;0;1;0;0;0;0;4;0;0;1;0;0;0;0;0;0;0;0;0;0;3;0;8;0;5;0;0;0;0;0;0;0;0;1;3;0;0;0;0;0;3;0;16;0;1;0;0;0;0;0;4;0;4;0;0;0;0;0;0;3;1;0;4;0;0;1;0;0;0;6;0;0;0;0;2;2;0;0;1;0;7;0;0;0;0;0;0;0;3;0;0;0;0;9;0;0
119;0;0;0;0;1;1;13;0;0;1;1;0;2;0;0;4;1;0;0;0;1;0;0;3;0;0;16;1;0;20;0;1;0;1;0;0;0;0;0;8;2;0;0;5;0;0;3;1;0;1;0;0;1;0;18;0;0;0;0;0;0;0;0;0;0;0;2;4;1;0;0;0;0;0;30;2;0;6;2;0;4;0;0;0;0;0;1;0;1;3;1;0;0;3;6;3;11;0;0;7;0;0;0;0;2;0;0;0;0;0;0;5;0;0;6;2;0;0;1;1;4;0;0;0;1;0;0;0;0;0;4;0;0;3;2;0;15;0;0;0;2;0;0;0;8;0;5;0;0;0;0;7;0;0;6;0;0;2;0;0;0;0;0;7;2;6;0;0;0;0;0;0;0;0;0;3;0;1;0;0;0;9;0;0;2
120;0;0;0;0;3;0;10;0;1;0;1;0;0;0;0;3;2;1;0;1;1;0;0;2;1;0;8;0;2;46;0;0;3;1;0;0;0;0;0;4;10;0;1;1;2;6;8;0;0;0;0;0;0;1;9;0;0;0;0;0;0;0;0;0;0;0;0;0;1;0;2;1;6;0;107;0;0;0;0;0;8;0;3;1;0;0;0;4;4;39;0;0;2;0;3;1;1;0;4;1;4;1;0;0;2;0;0;0;0;2;0;1;0;0;7;0;8;0;6;1;4;11;0;0;1;2;1;0;0;2;2;0;0;0;2;0;0;1;0;2;0;0;11;0;1;4;5;0;0;0;0;0;0;3;37;0;0;0;1;0;0;2;2;0;0;1;0;0;2;0;1;0;0;2;5;3;0;2;0;3;0;5;0;9;5